Page Type,Course,Category,Page Name,URL,Problem Count,Flashcard Count,Reviewed,Quality Score (1-10),Notes,Priority (High/Medium/Low),Date Reviewed
Static,N/A,N/A,Homepage,https://studymondo.com,N/A,N/A,FALSE,,,,
Static,N/A,N/A,About,https://studymondo.com/about,N/A,N/A,FALSE,,,,
Static,N/A,N/A,Contact,https://studymondo.com/contact,N/A,N/A,FALSE,,,,
Static,N/A,N/A,Privacy Policy,https://studymondo.com/privacy,N/A,N/A,FALSE,,,,
Static,N/A,N/A,Terms of Service,https://studymondo.com/terms,N/A,N/A,FALSE,,,,
Static,N/A,N/A,All Topics,https://studymondo.com/topics,N/A,N/A,FALSE,,,,
Course,Grade 4 Math,N/A,Grade 4 Math,https://studymondo.com/courses/grade-4-math,N/A,N/A,FALSE,,,,
Category,Grade 4 Math,Place Value and Number Sense,Place Value and Number Sense,https://studymondo.com/categories/place-value-number-sense,N/A,N/A,FALSE,,,,
Topic,Grade 4 Math,Place Value and Number Sense,Place Value to Millions,https://studymondo.com/topics/place-value-millions,5,6,FALSE,,,,
Topic,Grade 4 Math,Place Value and Number Sense,Comparing and Ordering Numbers,https://studymondo.com/topics/comparing-ordering-numbers,5,6,FALSE,,,,
Topic,Grade 4 Math,Place Value and Number Sense,Rounding Numbers,https://studymondo.com/topics/rounding-numbers,5,6,FALSE,,,,
Category,Grade 4 Math,Multiplication and Division,Multiplication and Division,https://studymondo.com/categories/grade4-multiplication-division,N/A,N/A,FALSE,,,,
Topic,Grade 4 Math,Multiplication and Division,Multi-Digit Multiplication,https://studymondo.com/topics/multi-digit-multiplication,3,3,FALSE,,,,
Topic,Grade 4 Math,Multiplication and Division,Long Division,https://studymondo.com/topics/long-division-grade4,3,3,FALSE,,,,
Topic,Grade 4 Math,Multiplication and Division,Division with Remainders,https://studymondo.com/topics/division-with-remainders,5,6,FALSE,,,,
Category,Grade 4 Math,Fractions,Fractions,https://studymondo.com/categories/grade4-fractions,N/A,N/A,FALSE,,,,
Topic,Grade 4 Math,Fractions,Equivalent Fractions,https://studymondo.com/topics/equivalent-fractions-grade4,3,3,FALSE,,,,
Topic,Grade 4 Math,Fractions,Comparing Fractions,https://studymondo.com/topics/comparing-fractions-grade4,3,3,FALSE,,,,
Topic,Grade 4 Math,Fractions,Adding Fractions with Like Denominators,https://studymondo.com/topics/adding-fractions-like-denominators,5,6,FALSE,,,,
Topic,Grade 4 Math,Fractions,Multiplying Fractions by Whole Numbers,https://studymondo.com/topics/multiplying-fractions-whole-numbers,5,6,FALSE,,,,
Category,Grade 4 Math,Decimals and Measurement,Decimals and Measurement,https://studymondo.com/categories/grade4-decimals-measurement,N/A,N/A,FALSE,,,,
Topic,Grade 4 Math,Decimals and Measurement,Understanding Decimals,https://studymondo.com/topics/understanding-decimals-grade4,3,3,FALSE,,,,
Topic,Grade 4 Math,Decimals and Measurement,Adding and Subtracting Decimals,https://studymondo.com/topics/adding-subtracting-decimals,5,6,FALSE,,,,
Topic,Grade 4 Math,Decimals and Measurement,Converting Units of Measurement,https://studymondo.com/topics/converting-units-measurement,5,6,FALSE,,,,
Category,Grade 4 Math,Geometry,Geometry,https://studymondo.com/categories/geometry,N/A,N/A,FALSE,,,,
Topic,Grade 4 Math,Geometry,Lines and Angles,https://studymondo.com/topics/lines-and-angles,5,6,FALSE,,,,
Topic,Grade 4 Math,Geometry,Area and Perimeter,https://studymondo.com/topics/area-and-perimeter,5,6,FALSE,,,,
Topic,Grade 4 Math,Geometry,Symmetry,https://studymondo.com/topics/symmetry,5,6,FALSE,,,,
Category,Grade 4 Math,Data and Graphs,Data and Graphs,https://studymondo.com/categories/data-and-graphs,N/A,N/A,FALSE,,,,
Topic,Grade 4 Math,Data and Graphs,Reading Bar Graphs and Line Plots,https://studymondo.com/topics/reading-bar-graphs-line-plots,5,6,FALSE,,,,
Topic,Grade 4 Math,Data and Graphs,Creating and Analyzing Data,https://studymondo.com/topics/creating-analyzing-data,5,6,FALSE,,,,
Course,Algebra 1,N/A,Algebra 1,https://studymondo.com/courses/algebra-1,N/A,N/A,FALSE,,,,
Category,Algebra 1,Linear Equations,Linear Equations,https://studymondo.com/categories/algebra1-linear-equations,N/A,N/A,FALSE,,,,
Topic,Algebra 1,Linear Equations,Solving Linear Equations,https://studymondo.com/topics/solving-linear-equations-algebra1,8,9,FALSE,,,,
Topic,Algebra 1,Linear Equations,Graphing Linear Equations,https://studymondo.com/topics/graphing-linear-equations-algebra1,13,15,FALSE,,,,
Topic,Algebra 1,Linear Equations,Linear Inequalities,https://studymondo.com/topics/linear-inequalities-algebra1,8,9,FALSE,,,,
Topic,Algebra 1,Linear Equations,Absolute Value Equations,https://studymondo.com/topics/absolute-value-algebra1,8,9,FALSE,,,,
Topic,Algebra 1,Linear Equations,Linear Equation Word Problems,https://studymondo.com/topics/word-problems-linear-algebra1,8,9,FALSE,,,,
Topic,Algebra 1,Linear Equations,Writing Linear Equations,https://studymondo.com/topics/slope-intercept-form-algebra1,8,9,FALSE,,,,
Topic,Algebra 1,Linear Equations,Inequality Word Problems,https://studymondo.com/topics/inequality-word-problems-algebra1,8,9,FALSE,,,,
Category,Algebra 1,Linear Equations,Linear Equations,https://studymondo.com/categories/linear-equations,N/A,N/A,FALSE,,,,
Topic,Algebra 1,Linear Equations,Solving Linear Equations,https://studymondo.com/topics/solving-linear-equations,3,3,FALSE,,,,
Category,Algebra 1,Systems of Equations,Systems of Equations,https://studymondo.com/categories/algebra1-systems,N/A,N/A,FALSE,,,,
Topic,Algebra 1,Systems of Equations,Solving Systems of Equations,https://studymondo.com/topics/solving-systems-algebra1,8,9,FALSE,,,,
Topic,Algebra 1,Systems of Equations,Graphing Systems of Equations,https://studymondo.com/topics/graphing-systems-algebra1,8,9,FALSE,,,,
Topic,Algebra 1,Systems of Equations,Systems of Equations Word Problems,https://studymondo.com/topics/systems-word-problems-algebra1,8,9,FALSE,,,,
Category,Algebra 1,Polynomials and Factoring,Polynomials and Factoring,https://studymondo.com/categories/algebra1-polynomials,N/A,N/A,FALSE,,,,
Topic,Algebra 1,Polynomials and Factoring,Factoring Polynomials,https://studymondo.com/topics/factoring-algebra1,8,9,FALSE,,,,
Topic,Algebra 1,Polynomials and Factoring,Exponent Rules,https://studymondo.com/topics/exponent-rules-algebra1,8,9,FALSE,,,,
Topic,Algebra 1,Polynomials and Factoring,Adding and Subtracting Polynomials,https://studymondo.com/topics/polynomial-operations-algebra1,8,9,FALSE,,,,
Topic,Algebra 1,Polynomials and Factoring,Multiplying Polynomials,https://studymondo.com/topics/multiplying-polynomials-algebra1,8,9,FALSE,,,,
Category,Algebra 1,Quadratic Equations,Quadratic Equations,https://studymondo.com/categories/algebra1-quadratics,N/A,N/A,FALSE,,,,
Topic,Algebra 1,Quadratic Equations,Solving Quadratic Equations,https://studymondo.com/topics/solving-quadratics-algebra1,8,9,FALSE,,,,
Topic,Algebra 1,Quadratic Equations,Completing the Square,https://studymondo.com/topics/completing-the-square,5,6,FALSE,,,,
Topic,Algebra 1,Quadratic Equations,The Quadratic Formula,https://studymondo.com/topics/quadratic-formula-detailed-algebra1,8,9,FALSE,,,,
Topic,Algebra 1,Quadratic Equations,Graphing Quadratic Functions,https://studymondo.com/topics/graphing-quadratics-algebra1,8,9,FALSE,,,,
Category,Algebra 1,Ratios and Proportions,Ratios and Proportions,https://studymondo.com/categories/algebra1-ratios-proportions,N/A,N/A,FALSE,,,,
Topic,Algebra 1,Ratios and Proportions,Ratios and Rates,https://studymondo.com/topics/ratios-rates-algebra1,8,9,FALSE,,,,
Topic,Algebra 1,Ratios and Proportions,Solving Proportions,https://studymondo.com/topics/proportions-algebra1,8,9,FALSE,,,,
Topic,Algebra 1,Ratios and Proportions,Percent Problems,https://studymondo.com/topics/percent-problems-algebra1,8,9,FALSE,,,,
Topic,Algebra 1,Ratios and Proportions,Direct and Inverse Variation,https://studymondo.com/topics/variation-algebra1,8,9,FALSE,,,,
Category,Algebra 1,Functions,Functions,https://studymondo.com/categories/algebra1-functions,N/A,N/A,FALSE,,,,
Topic,Algebra 1,Functions,Introduction to Functions,https://studymondo.com/topics/functions-basics-algebra1,8,9,FALSE,,,,
Topic,Algebra 1,Functions,Domain and Range,https://studymondo.com/topics/domain-range-algebra1,8,9,FALSE,,,,
Topic,Algebra 1,Functions,Domain and Range,https://studymondo.com/topics/domain-and-range,5,6,FALSE,,,,
Topic,Algebra 1,Functions,Arithmetic Sequences,https://studymondo.com/topics/arithmetic-sequences-algebra1,8,9,FALSE,,,,
Category,Algebra 1,Radicals and Roots,Radicals and Roots,https://studymondo.com/categories/algebra1-radicals,N/A,N/A,FALSE,,,,
Topic,Algebra 1,Radicals and Roots,Simplifying Radicals,https://studymondo.com/topics/simplifying-radicals-algebra1,8,9,FALSE,,,,
Topic,Algebra 1,Radicals and Roots,Adding and Subtracting Radicals,https://studymondo.com/topics/radical-operations-algebra1,8,9,FALSE,,,,
Category,Algebra 1,Data and Statistics,Data and Statistics,https://studymondo.com/categories/algebra1-statistics,N/A,N/A,FALSE,,,,
Topic,Algebra 1,Data and Statistics,Measures of Center,https://studymondo.com/topics/mean-median-mode-algebra1,8,9,FALSE,,,,
Topic,Algebra 1,Data and Statistics,Scatter Plots and Correlations,https://studymondo.com/topics/scatter-plots-algebra1,8,9,FALSE,,,,
Topic,Algebra 1,Data and Statistics,Box Plots,https://studymondo.com/topics/box-plots,5,6,FALSE,,,,
Topic,Algebra 1,Data and Statistics,Introduction to Probability,https://studymondo.com/topics/probability-basics-algebra1,8,9,FALSE,,,,
Topic,Algebra 1,Data and Statistics,Outliers in Data,https://studymondo.com/topics/outliers-in-data,5,6,FALSE,,,,
Course,Grade 5 Math,N/A,Grade 5 Math,https://studymondo.com/courses/grade-5-math,N/A,N/A,FALSE,,,,
Category,Grade 5 Math,Place Value and Decimals,Place Value and Decimals,https://studymondo.com/categories/grade5-place-value-decimals,N/A,N/A,FALSE,,,,
Topic,Grade 5 Math,Place Value and Decimals,Place Value with Large Numbers,https://studymondo.com/topics/place-value-large-numbers,3,3,FALSE,,,,
Topic,Grade 5 Math,Place Value and Decimals,Adding and Subtracting Decimals,https://studymondo.com/topics/adding-subtracting-decimals-grade5,3,3,FALSE,,,,
Topic,Grade 5 Math,Place Value and Decimals,Multiplying Decimals,https://studymondo.com/topics/multiplying-decimals,10,12,FALSE,,,,
Topic,Grade 5 Math,Place Value and Decimals,Dividing Decimals,https://studymondo.com/topics/dividing-decimals,10,12,FALSE,,,,
Category,Grade 5 Math,Fractions,Fractions,https://studymondo.com/categories/grade5-fractions,N/A,N/A,FALSE,,,,
Topic,Grade 5 Math,Fractions,Multiplying Fractions,https://studymondo.com/topics/multiplying-fractions-grade5,3,3,FALSE,,,,
Topic,Grade 5 Math,Fractions,Dividing Fractions,https://studymondo.com/topics/dividing-fractions-grade5,3,3,FALSE,,,,
Topic,Grade 5 Math,Fractions,Multiplying and Dividing Fractions,https://studymondo.com/topics/multiplying-dividing-fractions,5,6,FALSE,,,,
Category,Grade 5 Math,Operations and Algebraic Thinking,Operations and Algebraic Thinking,https://studymondo.com/categories/operations-algebraic-thinking,N/A,N/A,FALSE,,,,
Topic,Grade 5 Math,Operations and Algebraic Thinking,Order of Operations,https://studymondo.com/topics/order-of-operations,5,6,FALSE,,,,
Topic,Grade 5 Math,Operations and Algebraic Thinking,Numerical Expressions,https://studymondo.com/topics/numerical-expressions,5,6,FALSE,,,,
Topic,Grade 5 Math,Operations and Algebraic Thinking,Patterns and Relationships,https://studymondo.com/topics/patterns-relationships,5,6,FALSE,,,,
Category,Grade 5 Math,Volume and Geometry,Volume and Geometry,https://studymondo.com/categories/grade5-volume-geometry,N/A,N/A,FALSE,,,,
Topic,Grade 5 Math,Volume and Geometry,Volume of Rectangular Prisms,https://studymondo.com/topics/volume-rectangular-prisms-grade5,3,3,FALSE,,,,
Topic,Grade 5 Math,Volume and Geometry,Classifying 2D Shapes,https://studymondo.com/topics/classifying-2d-shapes,5,6,FALSE,,,,
Topic,Grade 5 Math,Volume and Geometry,Coordinate Plane Basics,https://studymondo.com/topics/coordinate-plane-basics,5,6,FALSE,,,,
Category,Grade 5 Math,Data and Graphing,Data and Graphing,https://studymondo.com/categories/data-and-graphing,N/A,N/A,FALSE,,,,
Topic,Grade 5 Math,Data and Graphing,Line Graphs,https://studymondo.com/topics/line-graphs,5,6,FALSE,,,,
Topic,Grade 5 Math,Data and Graphing,Measures of Center,https://studymondo.com/topics/measures-of-center,5,6,FALSE,,,,
Category,Grade 5 Math,Number Theory,Number Theory,https://studymondo.com/categories/number-theory,N/A,N/A,FALSE,,,,
Topic,Grade 5 Math,Number Theory,Factors and Multiples,https://studymondo.com/topics/factors-and-multiples,5,6,FALSE,,,,
Topic,Grade 5 Math,Number Theory,Prime and Composite Numbers,https://studymondo.com/topics/prime-composite-numbers,5,6,FALSE,,,,
Topic,Grade 5 Math,Number Theory,GCF and LCM,https://studymondo.com/topics/gcf-and-lcm,5,6,FALSE,,,,
Course,AP Calculus AB/BC,N/A,AP Calculus AB/BC,https://studymondo.com/courses/ap-calculus-ab-bc,N/A,N/A,FALSE,,,,
Category,AP Calculus AB/BC,Limits and Continuity,Limits and Continuity,https://studymondo.com/categories/limits,N/A,N/A,FALSE,,,,
Topic,AP Calculus AB/BC,Limits and Continuity,What is a Limit?,https://studymondo.com/topics/what-is-a-limit,5,6,FALSE,,,,
Topic,AP Calculus AB/BC,Limits and Continuity,Limit Notation and Terminology,https://studymondo.com/topics/limit-notation-terminology,5,6,FALSE,,,,
Topic,AP Calculus AB/BC,Limits and Continuity,Estimating Limits from Tables,https://studymondo.com/topics/estimating-limits-tables,5,6,FALSE,,,,
Topic,AP Calculus AB/BC,Limits and Continuity,Estimating Limits from Graphs,https://studymondo.com/topics/estimating-limits-graphs,5,6,FALSE,,,,
Topic,AP Calculus AB/BC,Limits and Continuity,One-Sided Limits in Detail,https://studymondo.com/topics/one-sided-limits-in-detail,5,6,FALSE,,,,
Topic,AP Calculus AB/BC,Limits and Continuity,Direct Substitution Method,https://studymondo.com/topics/direct-substitution-method,5,6,FALSE,,,,
Topic,AP Calculus AB/BC,Limits and Continuity,Factoring Method for Limits,https://studymondo.com/topics/factoring-method-limits,5,6,FALSE,,,,
Topic,AP Calculus AB/BC,Limits and Continuity,Rationalizing to Evaluate Limits,https://studymondo.com/topics/rationalizing-technique-limits,5,6,FALSE,,,,
Topic,AP Calculus AB/BC,Limits and Continuity,Limits at Infinity,https://studymondo.com/topics/limits-at-infinity,5,6,FALSE,,,,
Topic,AP Calculus AB/BC,Limits and Continuity,Infinite Limits and Vertical Asymptotes,https://studymondo.com/topics/infinite-limits-vertical-asymptotes,5,6,FALSE,,,,
Topic,AP Calculus AB/BC,Limits and Continuity,What is Continuity?,https://studymondo.com/topics/continuity-introduction,5,6,FALSE,,,,
Topic,AP Calculus AB/BC,Limits and Continuity,Types of Discontinuity,https://studymondo.com/topics/types-of-discontinuity,5,6,FALSE,,,,
Category,AP Calculus AB/BC,Derivatives,Derivatives,https://studymondo.com/categories/derivatives,N/A,N/A,FALSE,,,,
Topic,AP Calculus AB/BC,Derivatives,What is a Derivative?,https://studymondo.com/topics/what-is-a-derivative,5,6,FALSE,,,,
Topic,AP Calculus AB/BC,Derivatives,Derivative Notation,https://studymondo.com/topics/derivative-notation,5,6,FALSE,,,,
Topic,AP Calculus AB/BC,Derivatives,Derivative as Slope,https://studymondo.com/topics/derivative-as-slope,5,6,FALSE,,,,
Topic,AP Calculus AB/BC,Derivatives,Derivative as Rate of Change,https://studymondo.com/topics/derivative-as-rate-of-change,5,6,FALSE,,,,
Topic,AP Calculus AB/BC,Derivatives,The Power Rule,https://studymondo.com/topics/power-rule-basics,7,6,FALSE,,,,
Topic,AP Calculus AB/BC,Derivatives,Constant Multiple and Sum Rules,https://studymondo.com/topics/constant-multiple-sum-rules,5,6,FALSE,,,,
Topic,AP Calculus AB/BC,Derivatives,The Product Rule,https://studymondo.com/topics/product-rule,6,6,FALSE,,,,
Topic,AP Calculus AB/BC,Derivatives,The Quotient Rule,https://studymondo.com/topics/quotient-rule,6,6,FALSE,,,,
Topic,AP Calculus AB/BC,Derivatives,The Chain Rule,https://studymondo.com/topics/chain-rule,7,6,FALSE,,,,
Topic,AP Calculus AB/BC,Derivatives,Derivatives of Trigonometric Functions,https://studymondo.com/topics/derivatives-of-trig-functions,5,6,FALSE,,,,
Topic,AP Calculus AB/BC,Derivatives,Derivatives of Exponential Functions,https://studymondo.com/topics/derivatives-of-exponential-functions,5,6,FALSE,,,,
Topic,AP Calculus AB/BC,Derivatives,Derivatives of Logarithmic Functions,https://studymondo.com/topics/derivatives-of-logarithmic-functions,5,6,FALSE,,,,
Topic,AP Calculus AB/BC,Derivatives,Implicit Differentiation,https://studymondo.com/topics/implicit-differentiation,7,6,FALSE,,,,
Topic,AP Calculus AB/BC,Derivatives,Related Rates,https://studymondo.com/topics/related-rates,5,6,FALSE,,,,
Topic,AP Calculus AB/BC,Derivatives,Higher-Order Derivatives,https://studymondo.com/topics/higher-order-derivatives,5,6,FALSE,,,,
Topic,AP Calculus AB/BC,Derivatives,Logarithmic Differentiation (Technique),https://studymondo.com/topics/logarithmic-differentiation-technique,5,6,FALSE,,,,
Category,AP Calculus AB/BC,Applications of Derivatives,Applications of Derivatives,https://studymondo.com/categories/applications-of-derivatives,N/A,N/A,FALSE,,,,
Topic,AP Calculus AB/BC,Applications of Derivatives,Critical Points and Extrema,https://studymondo.com/topics/critical-points-and-extrema,7,6,FALSE,,,,
Topic,AP Calculus AB/BC,Applications of Derivatives,The First Derivative Test,https://studymondo.com/topics/first-derivative-test,5,6,FALSE,,,,
Topic,AP Calculus AB/BC,Applications of Derivatives,The Second Derivative Test,https://studymondo.com/topics/second-derivative-test,5,6,FALSE,,,,
Topic,AP Calculus AB/BC,Applications of Derivatives,Optimization Problems,https://studymondo.com/topics/optimization-problems,5,6,FALSE,,,,
Topic,AP Calculus AB/BC,Applications of Derivatives,Curve Sketching,https://studymondo.com/topics/curve-sketching,5,6,FALSE,,,,
Topic,AP Calculus AB/BC,Applications of Derivatives,Mean Value Theorem,https://studymondo.com/topics/mean-value-theorem,5,6,FALSE,,,,
Topic,AP Calculus AB/BC,Applications of Derivatives,L'Hôpital's Rule,https://studymondo.com/topics/lhopitals-rule,5,6,FALSE,,,,
Topic,AP Calculus AB/BC,Applications of Derivatives,Linear Approximation,https://studymondo.com/topics/linear-approximation,5,6,FALSE,,,,
Topic,AP Calculus AB/BC,Applications of Derivatives,Newton's Method,https://studymondo.com/topics/newtons-method,5,6,FALSE,,,,
Topic,AP Calculus AB/BC,Applications of Derivatives,Absolute Extrema on Closed Intervals,https://studymondo.com/topics/absolute-extrema,5,6,FALSE,,,,
Category,AP Calculus AB/BC,Integration,Integration,https://studymondo.com/categories/integration,N/A,N/A,FALSE,,,,
Topic,AP Calculus AB/BC,Integration,Introduction to Antiderivatives,https://studymondo.com/topics/antiderivatives-intro,5,6,FALSE,,,,
Topic,AP Calculus AB/BC,Integration,Indefinite Integrals and Notation,https://studymondo.com/topics/indefinite-integrals,7,6,FALSE,,,,
Topic,AP Calculus AB/BC,Integration,U-Substitution Method,https://studymondo.com/topics/u-substitution,7,6,FALSE,,,,
Topic,AP Calculus AB/BC,Integration,Integration by Parts,https://studymondo.com/topics/integration-by-parts,5,6,FALSE,,,,
Topic,AP Calculus AB/BC,Integration,Riemann Sums and Area Approximation,https://studymondo.com/topics/riemann-sums,5,6,FALSE,,,,
Topic,AP Calculus AB/BC,Integration,Definite Integrals and the Fundamental Theorem,https://studymondo.com/topics/definite-integrals,7,6,FALSE,,,,
Topic,AP Calculus AB/BC,Integration,Area Between Curves,https://studymondo.com/topics/area-between-curves,7,6,FALSE,,,,
Topic,AP Calculus AB/BC,Integration,Volumes of Revolution: Disk Method,https://studymondo.com/topics/volumes-disk-method,5,6,FALSE,,,,
Topic,AP Calculus AB/BC,Integration,Volumes of Revolution: Washer Method,https://studymondo.com/topics/volumes-washer-method,5,6,FALSE,,,,
Topic,AP Calculus AB/BC,Integration,Volumes of Revolution: Shell Method,https://studymondo.com/topics/volumes-shell-method,5,6,FALSE,,,,
Category,AP Calculus AB/BC,Advanced Integration (BC),Advanced Integration (BC),https://studymondo.com/categories/advanced-integration,N/A,N/A,FALSE,,,,
Topic,AP Calculus AB/BC,Advanced Integration (BC),Trigonometric Substitution,https://studymondo.com/topics/trig-substitution,5,6,FALSE,,,,
Topic,AP Calculus AB/BC,Advanced Integration (BC),Integration by Partial Fractions,https://studymondo.com/topics/partial-fractions,5,6,FALSE,,,,
Category,AP Calculus AB/BC,Parametric & Polar (BC),Parametric & Polar (BC),https://studymondo.com/categories/parametric-polar,N/A,N/A,FALSE,,,,
Topic,AP Calculus AB/BC,Parametric & Polar (BC),Introduction to Parametric Equations,https://studymondo.com/topics/parametric-equations-intro,5,6,FALSE,,,,
Topic,AP Calculus AB/BC,Parametric & Polar (BC),Calculus with Parametric Equations,https://studymondo.com/topics/parametric-calculus,5,6,FALSE,,,,
Topic,AP Calculus AB/BC,Parametric & Polar (BC),Introduction to Polar Coordinates,https://studymondo.com/topics/polar-coordinates-intro,5,6,FALSE,,,,
Topic,AP Calculus AB/BC,Parametric & Polar (BC),Calculus with Polar Coordinates,https://studymondo.com/topics/polar-calculus,5,6,FALSE,,,,
Category,AP Calculus AB/BC,Sequences & Series (BC),Sequences & Series (BC),https://studymondo.com/categories/sequences-series,N/A,N/A,FALSE,,,,
Topic,AP Calculus AB/BC,Sequences & Series (BC),Introduction to Sequences,https://studymondo.com/topics/sequences-intro,5,6,FALSE,,,,
Topic,AP Calculus AB/BC,Sequences & Series (BC),Introduction to Infinite Series,https://studymondo.com/topics/series-intro,5,6,FALSE,,,,
Topic,AP Calculus AB/BC,Sequences & Series (BC),The Integral Test,https://studymondo.com/topics/integral-test,5,6,FALSE,,,,
Topic,AP Calculus AB/BC,Sequences & Series (BC),Direct and Limit Comparison Tests,https://studymondo.com/topics/comparison-tests,5,6,FALSE,,,,
Topic,AP Calculus AB/BC,Sequences & Series (BC),Alternating Series Test,https://studymondo.com/topics/alternating-series-test,5,6,FALSE,,,,
Topic,AP Calculus AB/BC,Sequences & Series (BC),Ratio and Root Tests,https://studymondo.com/topics/ratio-root-tests,5,6,FALSE,,,,
Category,AP Calculus AB/BC,Power & Taylor Series (BC),Power & Taylor Series (BC),https://studymondo.com/categories/power-taylor-series,N/A,N/A,FALSE,,,,
Topic,AP Calculus AB/BC,Power & Taylor Series (BC),Introduction to Power Series,https://studymondo.com/topics/power-series-intro,5,6,FALSE,,,,
Topic,AP Calculus AB/BC,Power & Taylor Series (BC),Radius and Interval of Convergence,https://studymondo.com/topics/radius-interval-convergence,5,6,FALSE,,,,
Topic,AP Calculus AB/BC,Power & Taylor Series (BC),Taylor and Maclaurin Series,https://studymondo.com/topics/taylor-maclaurin-series,5,6,FALSE,,,,
Topic,AP Calculus AB/BC,Power & Taylor Series (BC),Common Taylor Series and Applications,https://studymondo.com/topics/common-taylor-series,5,6,FALSE,,,,
Course,Geometry,N/A,Geometry,https://studymondo.com/courses/geometry,N/A,N/A,FALSE,,,,
Category,Geometry,"Points, Lines, and Angles","Points, Lines, and Angles",https://studymondo.com/categories/geometry-points-lines-angles,N/A,N/A,FALSE,,,,
Topic,Geometry,"Points, Lines, and Angles",Angle Relationships,https://studymondo.com/topics/angle-relationships-geometry,8,9,FALSE,,,,
Topic,Geometry,"Points, Lines, and Angles",Parallel Lines and Transversals,https://studymondo.com/topics/parallel-lines-transversals,8,9,FALSE,,,,
Category,Geometry,Triangles,Triangles,https://studymondo.com/categories/geometry-triangles,N/A,N/A,FALSE,,,,
Topic,Geometry,Triangles,Triangle Angle Sum Theorem,https://studymondo.com/topics/triangle-angle-sum,8,9,FALSE,,,,
Topic,Geometry,Triangles,Congruent Triangles,https://studymondo.com/topics/congruent-triangles,8,9,FALSE,,,,
Topic,Geometry,Triangles,Pythagorean Theorem,https://studymondo.com/topics/pythagorean-theorem,8,9,FALSE,,,,
Topic,Geometry,Triangles,Similar Triangles,https://studymondo.com/topics/similar-triangles-geometry,8,9,FALSE,,,,
Topic,Geometry,Triangles,Triangle Inequalities,https://studymondo.com/topics/triangle-inequalities,5,6,FALSE,,,,
Topic,Geometry,Triangles,Special Right Triangles,https://studymondo.com/topics/special-right-triangles,8,9,FALSE,,,,
Topic,Geometry,Triangles,Special Segments in Triangles,https://studymondo.com/topics/special-segments-triangles,5,6,FALSE,,,,
Category,Geometry,Quadrilaterals and Polygons,Quadrilaterals and Polygons,https://studymondo.com/categories/geometry-quadrilaterals,N/A,N/A,FALSE,,,,
Topic,Geometry,Quadrilaterals and Polygons,Properties of Quadrilaterals,https://studymondo.com/topics/properties-quadrilaterals,8,9,FALSE,,,,
Topic,Geometry,Quadrilaterals and Polygons,Polygon Angle Sums,https://studymondo.com/topics/polygon-angle-sums,8,9,FALSE,,,,
Category,Geometry,Circles,Circles,https://studymondo.com/categories/geometry-circles,N/A,N/A,FALSE,,,,
Topic,Geometry,Circles,Circle Basics,https://studymondo.com/topics/circle-basics-geometry,8,9,FALSE,,,,
Topic,Geometry,Circles,Inscribed Angles,https://studymondo.com/topics/inscribed-angles-geometry,8,9,FALSE,,,,
Topic,Geometry,Circles,Sector Area and Arc Length,https://studymondo.com/topics/sector-area-arc-length,8,9,FALSE,,,,
Topic,Geometry,Circles,Inscribed Angles,https://studymondo.com/topics/inscribed-angles,5,6,FALSE,,,,
Topic,Geometry,Circles,Tangent Lines,https://studymondo.com/topics/tangent-lines,5,6,FALSE,,,,
Category,Geometry,Area and Perimeter,Area and Perimeter,https://studymondo.com/categories/geometry-area-perimeter,N/A,N/A,FALSE,,,,
Topic,Geometry,Area and Perimeter,Area of Triangles and Quadrilaterals,https://studymondo.com/topics/area-triangles-quadrilaterals,8,9,FALSE,,,,
Category,Geometry,Coordinate Geometry,Coordinate Geometry,https://studymondo.com/categories/geometry-coordinate,N/A,N/A,FALSE,,,,
Topic,Geometry,Coordinate Geometry,Distance and Midpoint Formulas,https://studymondo.com/topics/distance-midpoint-formulas,8,9,FALSE,,,,
Topic,Geometry,Coordinate Geometry,Slope and Equations of Lines,https://studymondo.com/topics/slope-equations-lines-geometry,8,9,FALSE,,,,
Topic,Geometry,Coordinate Geometry,Equations of Circles,https://studymondo.com/topics/equations-of-circles,5,6,FALSE,,,,
Category,Geometry,Solid Geometry,Solid Geometry,https://studymondo.com/categories/geometry-solid,N/A,N/A,FALSE,,,,
Topic,Geometry,Solid Geometry,Volume of Solids,https://studymondo.com/topics/volume-of-solids,8,9,FALSE,,,,
Topic,Geometry,Solid Geometry,Surface Area,https://studymondo.com/topics/surface-area-geometry,8,9,FALSE,,,,
Course,Grade 6 Math,N/A,Grade 6 Math,https://studymondo.com/courses/grade-6-math,N/A,N/A,FALSE,,,,
Category,Grade 6 Math,Number Operations,Number Operations,https://studymondo.com/categories/grade6-number-operations,N/A,N/A,FALSE,,,,
Topic,Grade 6 Math,Number Operations,Whole Number Operations,https://studymondo.com/topics/whole-number-operations,3,3,FALSE,,,,
Topic,Grade 6 Math,Number Operations,Prime Factorization,https://studymondo.com/topics/prime-factorization,3,3,FALSE,,,,
Category,Grade 6 Math,Fractions and Decimals,Fractions and Decimals,https://studymondo.com/categories/grade6-fractions-decimals,N/A,N/A,FALSE,,,,
Topic,Grade 6 Math,Fractions and Decimals,Understanding Fractions,https://studymondo.com/topics/understanding-fractions,3,3,FALSE,,,,
Topic,Grade 6 Math,Fractions and Decimals,Adding and Subtracting Fractions,https://studymondo.com/topics/adding-subtracting-fractions,3,3,FALSE,,,,
Topic,Grade 6 Math,Fractions and Decimals,Dividing Fractions,https://studymondo.com/topics/grade6-dividing-fractions,5,6,FALSE,,,,
Topic,Grade 6 Math,Fractions and Decimals,Working with Decimals,https://studymondo.com/topics/working-with-decimals,3,3,FALSE,,,,
Topic,Grade 6 Math,Fractions and Decimals,Decimal Operations,https://studymondo.com/topics/decimal-operations,5,6,FALSE,,,,
Category,Grade 6 Math,Ratios and Rates,Ratios and Rates,https://studymondo.com/categories/grade6-ratios-rates,N/A,N/A,FALSE,,,,
Topic,Grade 6 Math,Ratios and Rates,Introduction to Ratios,https://studymondo.com/topics/introduction-to-ratios,3,3,FALSE,,,,
Topic,Grade 6 Math,Ratios and Rates,Unit Rates,https://studymondo.com/topics/unit-rates-grade6,3,3,FALSE,,,,
Category,Grade 6 Math,Integers,Integers,https://studymondo.com/categories/grade6-integers,N/A,N/A,FALSE,,,,
Topic,Grade 6 Math,Integers,Understanding Integers,https://studymondo.com/topics/understanding-integers-grade6,3,3,FALSE,,,,
Category,Grade 6 Math,Expressions and Equations,Expressions and Equations,https://studymondo.com/categories/expressions-and-equations,N/A,N/A,FALSE,,,,
Topic,Grade 6 Math,Expressions and Equations,Writing Expressions,https://studymondo.com/topics/writing-expressions,5,6,FALSE,,,,
Topic,Grade 6 Math,Expressions and Equations,Evaluating Expressions,https://studymondo.com/topics/evaluating-expressions,5,6,FALSE,,,,
Topic,Grade 6 Math,Expressions and Equations,Solving One-Step Equations,https://studymondo.com/topics/solving-one-step-equations,5,6,FALSE,,,,
Category,Grade 6 Math,Geometry Basics,Geometry Basics,https://studymondo.com/categories/grade6-geometry-basics,N/A,N/A,FALSE,,,,
Topic,Grade 6 Math,Geometry Basics,Perimeter and Area,https://studymondo.com/topics/perimeter-and-area-grade6,3,3,FALSE,,,,
Topic,Grade 6 Math,Geometry Basics,Volume of Rectangular Prisms,https://studymondo.com/topics/volume-rectangular-prisms-grade6,3,3,FALSE,,,,
Category,Grade 6 Math,Statistics and Probability,Statistics and Probability,https://studymondo.com/categories/statistics-and-probability,N/A,N/A,FALSE,,,,
Topic,Grade 6 Math,Statistics and Probability,Statistical Questions and Data Display,https://studymondo.com/topics/statistical-questions-data-display,5,6,FALSE,,,,
Topic,Grade 6 Math,Statistics and Probability,Measures of Center and Variability,https://studymondo.com/topics/measures-center-variability,5,6,FALSE,,,,
Course,Grade 7 Math,N/A,Grade 7 Math,https://studymondo.com/courses/grade-7-math,N/A,N/A,FALSE,,,,
Category,Grade 7 Math,Rational Numbers,Rational Numbers,https://studymondo.com/categories/grade7-rational-numbers,N/A,N/A,FALSE,,,,
Topic,Grade 7 Math,Rational Numbers,Operations with Integers,https://studymondo.com/topics/operations-with-integers-grade7,3,3,FALSE,,,,
Topic,Grade 7 Math,Rational Numbers,Multiplying and Dividing Fractions,https://studymondo.com/topics/multiplying-dividing-fractions-grade7,3,3,FALSE,,,,
Topic,Grade 7 Math,Rational Numbers,Multiplying and Dividing Integers,https://studymondo.com/topics/multiplying-dividing-integers,5,6,FALSE,,,,
Topic,Grade 7 Math,Rational Numbers,Rational Number Operations,https://studymondo.com/topics/rational-number-operations,5,6,FALSE,,,,
Category,Grade 7 Math,Proportions and Percents,Proportions and Percents,https://studymondo.com/categories/grade7-proportions-percents,N/A,N/A,FALSE,,,,
Topic,Grade 7 Math,Proportions and Percents,Solving Proportions,https://studymondo.com/topics/solving-proportions-grade7,3,3,FALSE,,,,
Topic,Grade 7 Math,Proportions and Percents,Percent Applications,https://studymondo.com/topics/percent-applications-grade7,3,3,FALSE,,,,
Topic,Grade 7 Math,Proportions and Percents,Percent of Change,https://studymondo.com/topics/percent-of-change,5,6,FALSE,,,,
Topic,Grade 7 Math,Proportions and Percents,Simple Interest,https://studymondo.com/topics/simple-interest,5,6,FALSE,,,,
Category,Grade 7 Math,Expressions and Equations,Expressions and Equations,https://studymondo.com/categories/grade7-expressions-equations,N/A,N/A,FALSE,,,,
Topic,Grade 7 Math,Expressions and Equations,Simplifying Expressions,https://studymondo.com/topics/simplifying-expressions,5,6,FALSE,,,,
Topic,Grade 7 Math,Expressions and Equations,Solving Multi-Step Equations,https://studymondo.com/topics/solving-multi-step-equations,5,6,FALSE,,,,
Topic,Grade 7 Math,Expressions and Equations,Solving Inequalities,https://studymondo.com/topics/solving-inequalities,5,6,FALSE,,,,
Category,Grade 7 Math,Geometry,Geometry,https://studymondo.com/categories/grade7-geometry,N/A,N/A,FALSE,,,,
Topic,Grade 7 Math,Geometry,Angle Relationships,https://studymondo.com/topics/angle-relationships,5,6,FALSE,,,,
Topic,Grade 7 Math,Geometry,Area of Composite Figures,https://studymondo.com/topics/area-composite-figures,5,6,FALSE,,,,
Topic,Grade 7 Math,Geometry,Surface Area and Volume,https://studymondo.com/topics/surface-area-volume,5,6,FALSE,,,,
Course,Algebra 2,N/A,Algebra 2,https://studymondo.com/courses/algebra-2,N/A,N/A,FALSE,,,,
Category,Algebra 2,Polynomial Functions,Polynomial Functions,https://studymondo.com/categories/algebra2-polynomial-functions,N/A,N/A,FALSE,,,,
Topic,Algebra 2,Polynomial Functions,Advanced Polynomial Operations,https://studymondo.com/topics/polynomial-operations-algebra2,8,9,FALSE,,,,
Topic,Algebra 2,Polynomial Functions,Factoring Polynomials,https://studymondo.com/topics/factoring-polynomials-algebra2,8,9,FALSE,,,,
Topic,Algebra 2,Polynomial Functions,Polynomial Theorems and Roots,https://studymondo.com/topics/polynomial-theorems-algebra2,8,9,FALSE,,,,
Topic,Algebra 2,Polynomial Functions,Graphing Polynomial Functions,https://studymondo.com/topics/polynomial-graphs-algebra2,13,15,FALSE,,,,
Topic,Algebra 2,Polynomial Functions,Polynomial Long Division,https://studymondo.com/topics/polynomial-long-division,10,12,FALSE,,,,
Topic,Algebra 2,Polynomial Functions,Polynomial Division,https://studymondo.com/topics/polynomial-division-algebra2,13,15,FALSE,,,,
Topic,Algebra 2,Polynomial Functions,Synthetic Division,https://studymondo.com/topics/synthetic-division,5,6,FALSE,,,,
Category,Algebra 2,Rational Expressions,Rational Expressions,https://studymondo.com/categories/algebra2-rational-expressions,N/A,N/A,FALSE,,,,
Topic,Algebra 2,Rational Expressions,Simplifying Rational Expressions,https://studymondo.com/topics/simplifying-rationals-algebra2,8,9,FALSE,,,,
Topic,Algebra 2,Rational Expressions,Operations with Rational Expressions,https://studymondo.com/topics/rational-operations-algebra2,8,9,FALSE,,,,
Topic,Algebra 2,Rational Expressions,Solving Rational Equations,https://studymondo.com/topics/rational-equations-algebra2,8,9,FALSE,,,,
Category,Algebra 2,Exponential and Logarithmic Functions,Exponential and Logarithmic Functions,https://studymondo.com/categories/algebra2-exponential-logarithmic,N/A,N/A,FALSE,,,,
Topic,Algebra 2,Exponential and Logarithmic Functions,Exponential Functions,https://studymondo.com/topics/exponential-functions-algebra2,8,9,FALSE,,,,
Topic,Algebra 2,Exponential and Logarithmic Functions,Logarithmic Functions,https://studymondo.com/topics/logarithmic-functions-algebra2,8,9,FALSE,,,,
Topic,Algebra 2,Exponential and Logarithmic Functions,Solving Exponential Equations,https://studymondo.com/topics/exponential-equations-algebra2,8,9,FALSE,,,,
Topic,Algebra 2,Exponential and Logarithmic Functions,Solving Logarithmic Equations,https://studymondo.com/topics/logarithmic-equations-algebra2,8,9,FALSE,,,,
Category,Algebra 2,Sequences and Series,Sequences and Series,https://studymondo.com/categories/algebra2-sequences-series,N/A,N/A,FALSE,,,,
Topic,Algebra 2,Sequences and Series,Geometric Sequences,https://studymondo.com/topics/geometric-sequences-algebra2,8,9,FALSE,,,,
Topic,Algebra 2,Sequences and Series,Arithmetic and Geometric Series,https://studymondo.com/topics/series-summation-algebra2,8,9,FALSE,,,,
Topic,Algebra 2,Sequences and Series,Geometric Sequences and Series,https://studymondo.com/topics/geometric-sequences-series,5,6,FALSE,,,,
Topic,Algebra 2,Sequences and Series,Infinite Series,https://studymondo.com/topics/infinite-series,5,6,FALSE,,,,
Category,Algebra 2,Complex Numbers,Complex Numbers,https://studymondo.com/categories/algebra2-complex-numbers,N/A,N/A,FALSE,,,,
Topic,Algebra 2,Complex Numbers,Introduction to Complex Numbers,https://studymondo.com/topics/complex-numbers-intro-algebra2,8,9,FALSE,,,,
Category,Algebra 2,Radical Functions,Radical Functions,https://studymondo.com/categories/algebra2-radical-functions,N/A,N/A,FALSE,,,,
Topic,Algebra 2,Radical Functions,Solving Radical Equations,https://studymondo.com/topics/radical-equations-algebra2,8,9,FALSE,,,,
Topic,Algebra 2,Radical Functions,Rational Exponents,https://studymondo.com/topics/rational-exponents-algebra2,8,9,FALSE,,,,
Category,Algebra 2,Matrices,Matrices,https://studymondo.com/categories/algebra2-matrices,N/A,N/A,FALSE,,,,
Topic,Algebra 2,Matrices,Matrix Operations,https://studymondo.com/topics/matrix-operations-algebra2,8,9,FALSE,,,,
Topic,Algebra 2,Matrices,Determinants and Inverses,https://studymondo.com/topics/determinants-inverses,5,6,FALSE,,,,
Category,Algebra 2,Conic Sections,Conic Sections,https://studymondo.com/categories/algebra2-conic-sections,N/A,N/A,FALSE,,,,
Topic,Algebra 2,Conic Sections,Circles,https://studymondo.com/topics/circles-algebra2,8,9,FALSE,,,,
Topic,Algebra 2,Conic Sections,Parabolas (Conic Form),https://studymondo.com/topics/parabolas-conic-algebra2,8,9,FALSE,,,,
Category,Algebra 2,Advanced Functions,Advanced Functions,https://studymondo.com/categories/algebra2-advanced-functions,N/A,N/A,FALSE,,,,
Topic,Algebra 2,Advanced Functions,Piecewise Functions,https://studymondo.com/topics/piecewise-functions-algebra2,8,9,FALSE,,,,
Topic,Algebra 2,Advanced Functions,Inverse Functions,https://studymondo.com/topics/inverse-functions-algebra2,8,9,FALSE,,,,
Course,AP Precalculus,N/A,AP Precalculus,https://studymondo.com/courses/ap-precalculus,N/A,N/A,FALSE,,,,
Category,AP Precalculus,Function Fundamentals,Function Fundamentals,https://studymondo.com/categories/function-fundamentals,N/A,N/A,FALSE,,,,
Topic,AP Precalculus,Function Fundamentals,Function Transformations,https://studymondo.com/topics/function-transformations,5,16,FALSE,,,,
Topic,AP Precalculus,Function Fundamentals,Composite and Inverse Functions,https://studymondo.com/topics/composite-inverse-functions,5,16,FALSE,,,,
Topic,AP Precalculus,Function Fundamentals,Piecewise Functions,https://studymondo.com/topics/piecewise-functions,5,12,FALSE,,,,
Topic,AP Precalculus,Function Fundamentals,Average and Instantaneous Rates of Change,https://studymondo.com/topics/rates-of-change,5,16,FALSE,,,,
Topic,AP Precalculus,Function Fundamentals,Systems of Equations,https://studymondo.com/topics/systems-of-equations,5,16,FALSE,,,,
Topic,AP Precalculus,Function Fundamentals,Arithmetic and Geometric Sequences,https://studymondo.com/topics/sequences-arithmetic-geometric,5,20,FALSE,,,,
Topic,AP Precalculus,Function Fundamentals,Circles and Parabolas,https://studymondo.com/topics/circles-parabolas,5,16,FALSE,,,,
Topic,AP Precalculus,Function Fundamentals,Ellipses and Hyperbolas,https://studymondo.com/topics/ellipses-hyperbolas,5,20,FALSE,,,,
Category,AP Precalculus,Polynomial and Rational Functions,Polynomial and Rational Functions,https://studymondo.com/categories/polynomial-rational-functions,N/A,N/A,FALSE,,,,
Topic,AP Precalculus,Polynomial and Rational Functions,Polynomial Functions and End Behavior,https://studymondo.com/topics/polynomial-functions-end-behavior,5,7,FALSE,,,,
Topic,AP Precalculus,Polynomial and Rational Functions,Rational Functions and Asymptotes,https://studymondo.com/topics/rational-functions-asymptotes,5,8,FALSE,,,,
Topic,AP Precalculus,Polynomial and Rational Functions,Polynomial Division and Remainder Theorem,https://studymondo.com/topics/polynomial-division-remainder-theorem,5,12,FALSE,,,,
Topic,AP Precalculus,Polynomial and Rational Functions,Partial Fraction Decomposition,https://studymondo.com/topics/partial-fraction-decomposition,5,12,FALSE,,,,
Topic,AP Precalculus,Polynomial and Rational Functions,Complex Numbers and Operations,https://studymondo.com/topics/complex-numbers,5,7,FALSE,,,,
Topic,AP Precalculus,Polynomial and Rational Functions,Fundamental Theorem of Algebra and Factoring,https://studymondo.com/topics/fundamental-theorem-algebra,5,7,FALSE,,,,
Topic,AP Precalculus,Polynomial and Rational Functions,Polynomial Inequalities,https://studymondo.com/topics/polynomial-inequalities,5,6,FALSE,,,,
Topic,AP Precalculus,Polynomial and Rational Functions,Rational Inequalities,https://studymondo.com/topics/rational-inequalities,5,6,FALSE,,,,
Topic,AP Precalculus,Polynomial and Rational Functions,Polynomial Inequalities,https://studymondo.com/topics/solving-polynomial-inequalities,5,6,FALSE,,,,
Topic,AP Precalculus,Polynomial and Rational Functions,Rational Inequalities,https://studymondo.com/topics/solving-rational-inequalities,5,6,FALSE,,,,
Category,AP Precalculus,Exponential and Logarithmic Functions,Exponential and Logarithmic Functions,https://studymondo.com/categories/exponential-logarithmic-functions,N/A,N/A,FALSE,,,,
Topic,AP Precalculus,Exponential and Logarithmic Functions,Exponential Functions and Growth/Decay,https://studymondo.com/topics/exponential-functions-growth-decay,5,8,FALSE,,,,
Topic,AP Precalculus,Exponential and Logarithmic Functions,Logarithmic Functions,https://studymondo.com/topics/logarithmic-functions,5,9,FALSE,,,,
Topic,AP Precalculus,Exponential and Logarithmic Functions,Solving Exponential and Logarithmic Equations,https://studymondo.com/topics/solving-exponential-logarithmic-equations,5,12,FALSE,,,,
Topic,AP Precalculus,Exponential and Logarithmic Functions,Logarithmic and Exponential Models,https://studymondo.com/topics/logarithmic-exponential-models,5,14,FALSE,,,,
Category,AP Precalculus,Trigonometric Functions,Trigonometric Functions,https://studymondo.com/categories/trigonometric-functions,N/A,N/A,FALSE,,,,
Topic,AP Precalculus,Trigonometric Functions,Unit Circle and Radian Measure,https://studymondo.com/topics/unit-circle-radian-measure,5,9,FALSE,,,,
Topic,AP Precalculus,Trigonometric Functions,Trigonometric Identities,https://studymondo.com/topics/trigonometric-identities,5,8,FALSE,,,,
Topic,AP Precalculus,Trigonometric Functions,Graphing Trigonometric Functions,https://studymondo.com/topics/graphing-trig-functions,5,6,FALSE,,,,
Topic,AP Precalculus,Trigonometric Functions,Solving Trigonometric Equations,https://studymondo.com/topics/solving-trig-equations,5,7,FALSE,,,,
Topic,AP Precalculus,Trigonometric Functions,Inverse Trigonometric Functions,https://studymondo.com/topics/inverse-trig-functions,5,7,FALSE,,,,
Topic,AP Precalculus,Trigonometric Functions,Sum and Difference Identities,https://studymondo.com/topics/sum-difference-identities,5,6,FALSE,,,,
Topic,AP Precalculus,Trigonometric Functions,Law of Sines and Law of Cosines,https://studymondo.com/topics/law-of-sines-cosines,5,7,FALSE,,,,
Topic,AP Precalculus,Trigonometric Functions,Double Angle and Half Angle Identities,https://studymondo.com/topics/double-half-angle-identities,5,6,FALSE,,,,
Category,AP Precalculus,"Functions Involving Parameters, Vectors, and Matrices","Functions Involving Parameters, Vectors, and Matrices",https://studymondo.com/categories/parameters-vectors-matrices,N/A,N/A,FALSE,,,,
Topic,AP Precalculus,"Functions Involving Parameters, Vectors, and Matrices",Parametric Equations,https://studymondo.com/topics/parametric-equations,5,6,FALSE,,,,
Topic,AP Precalculus,"Functions Involving Parameters, Vectors, and Matrices",Vectors in the Plane,https://studymondo.com/topics/vectors-in-plane,5,7,FALSE,,,,
Topic,AP Precalculus,"Functions Involving Parameters, Vectors, and Matrices",Polar Coordinates and Graphs,https://studymondo.com/topics/polar-coordinates,5,7,FALSE,,,,
Topic,AP Precalculus,"Functions Involving Parameters, Vectors, and Matrices",Matrix Operations and Applications,https://studymondo.com/topics/matrix-operations,5,7,FALSE,,,,
Course,Grade 8 Math,N/A,Grade 8 Math,https://studymondo.com/courses/grade-8-math,N/A,N/A,FALSE,,,,
Category,Grade 8 Math,Exponents and Scientific Notation,Exponents and Scientific Notation,https://studymondo.com/categories/grade8-exponents-scientific,N/A,N/A,FALSE,,,,
Topic,Grade 8 Math,Exponents and Scientific Notation,Laws of Exponents,https://studymondo.com/topics/laws-of-exponents-grade8,3,3,FALSE,,,,
Topic,Grade 8 Math,Exponents and Scientific Notation,Scientific Notation,https://studymondo.com/topics/scientific-notation-grade8,3,3,FALSE,,,,
Topic,Grade 8 Math,Exponents and Scientific Notation,Integer Exponents,https://studymondo.com/topics/integer-exponents,5,6,FALSE,,,,
Topic,Grade 8 Math,Exponents and Scientific Notation,Operations with Scientific Notation,https://studymondo.com/topics/operations-scientific-notation,5,6,FALSE,,,,
Category,Grade 8 Math,Linear Equations and Functions,Linear Equations and Functions,https://studymondo.com/categories/grade8-linear-equations,N/A,N/A,FALSE,,,,
Topic,Grade 8 Math,Linear Equations and Functions,Solving Two-Step Equations,https://studymondo.com/topics/two-step-equations-grade8,3,3,FALSE,,,,
Topic,Grade 8 Math,Linear Equations and Functions,Introduction to Functions,https://studymondo.com/topics/introduction-to-functions-grade8,3,3,FALSE,,,,
Topic,Grade 8 Math,Linear Equations and Functions,Slope and Rate of Change,https://studymondo.com/topics/slope-rate-of-change,5,6,FALSE,,,,
Topic,Grade 8 Math,Linear Equations and Functions,Linear Equations,https://studymondo.com/topics/linear-equations,5,6,FALSE,,,,
Topic,Grade 8 Math,Linear Equations and Functions,Systems of Linear Equations,https://studymondo.com/topics/systems-linear-equations,5,6,FALSE,,,,
Category,Grade 8 Math,Transformations,Transformations,https://studymondo.com/categories/transformations,N/A,N/A,FALSE,,,,
Topic,Grade 8 Math,Transformations,Translations and Reflections,https://studymondo.com/topics/translations-reflections,5,6,FALSE,,,,
Topic,Grade 8 Math,Transformations,Rotations and Dilations,https://studymondo.com/topics/rotations-dilations,5,6,FALSE,,,,
Topic,Grade 8 Math,Transformations,Congruence and Similarity,https://studymondo.com/topics/congruence-similarity,5,6,FALSE,,,,
Category,Grade 8 Math,Geometry,Geometry,https://studymondo.com/categories/grade8-geometry,N/A,N/A,FALSE,,,,
Topic,Grade 8 Math,Geometry,Pythagorean Theorem,https://studymondo.com/topics/pythagorean-theorem-grade8,3,3,FALSE,,,,
Topic,Grade 8 Math,Geometry,Distance Formula,https://studymondo.com/topics/distance-formula,5,6,FALSE,,,,
Topic,Grade 8 Math,Geometry,"Volume of Cylinders, Cones, and Spheres",https://studymondo.com/topics/volume-cylinders-cones-spheres,5,6,FALSE,,,,
Category,Grade 8 Math,Data Analysis,Data Analysis,https://studymondo.com/categories/data-analysis,N/A,N/A,FALSE,,,,
Topic,Grade 8 Math,Data Analysis,Scatter Plots,https://studymondo.com/topics/scatter-plots,5,6,FALSE,,,,
Topic,Grade 8 Math,Data Analysis,Two-Way Tables,https://studymondo.com/topics/two-way-tables,5,6,FALSE,,,,
Course,Pre-Algebra,N/A,Pre-Algebra,https://studymondo.com/courses/pre-algebra,N/A,N/A,FALSE,,,,
Category,Pre-Algebra,Integers and Rational Numbers,Integers and Rational Numbers,https://studymondo.com/categories/prealgebra-integers,N/A,N/A,FALSE,,,,
Topic,Pre-Algebra,Integers and Rational Numbers,Operations with Integers,https://studymondo.com/topics/operations-with-integers,5,6,FALSE,,,,
Topic,Pre-Algebra,Integers and Rational Numbers,Absolute Value,https://studymondo.com/topics/absolute-value-prealgebra,5,6,FALSE,,,,
Topic,Pre-Algebra,Integers and Rational Numbers,Absolute Value,https://studymondo.com/topics/absolute-value,5,6,FALSE,,,,
Topic,Pre-Algebra,Integers and Rational Numbers,Comparing and Ordering Rational Numbers,https://studymondo.com/topics/comparing-ordering-rational,5,6,FALSE,,,,
Category,Pre-Algebra,Fractions and Decimals,Fractions and Decimals,https://studymondo.com/categories/prealgebra-fractions-decimals,N/A,N/A,FALSE,,,,
Topic,Pre-Algebra,Fractions and Decimals,Operations with Fractions,https://studymondo.com/topics/operations-with-fractions,5,6,FALSE,,,,
Topic,Pre-Algebra,Fractions and Decimals,Decimals and Percents,https://studymondo.com/topics/decimals-and-percents,8,9,FALSE,,,,
Topic,Pre-Algebra,Fractions and Decimals,Fraction and Decimal Conversions,https://studymondo.com/topics/fraction-decimal-conversions,5,6,FALSE,,,,
Category,Pre-Algebra,Order of Operations and Expressions,Order of Operations and Expressions,https://studymondo.com/categories/prealgebra-order-operations,N/A,N/A,FALSE,,,,
Topic,Pre-Algebra,Order of Operations and Expressions,Order of Operations (PEMDAS),https://studymondo.com/topics/order-of-operations-pemdas,8,9,FALSE,,,,
Topic,Pre-Algebra,Order of Operations and Expressions,Introduction to Exponents,https://studymondo.com/topics/exponents-prealgebra,5,6,FALSE,,,,
Topic,Pre-Algebra,Order of Operations and Expressions,Exponents and Powers,https://studymondo.com/topics/exponents-and-powers,5,6,FALSE,,,,
Topic,Pre-Algebra,Order of Operations and Expressions,Square Roots and Perfect Squares,https://studymondo.com/topics/square-roots-perfect-squares,5,6,FALSE,,,,
Category,Pre-Algebra,"Ratios, Proportions, and Percents","Ratios, Proportions, and Percents",https://studymondo.com/categories/prealgebra-ratios-proportions,N/A,N/A,FALSE,,,,
Topic,Pre-Algebra,"Ratios, Proportions, and Percents",Ratios and Rates,https://studymondo.com/topics/ratios-and-rates-prealgebra,5,6,FALSE,,,,
Topic,Pre-Algebra,"Ratios, Proportions, and Percents",Solving Proportions,https://studymondo.com/topics/proportions-prealgebra,5,6,FALSE,,,,
Topic,Pre-Algebra,"Ratios, Proportions, and Percents",Percent Problems,https://studymondo.com/topics/percent-problems-prealgebra,5,6,FALSE,,,,
Topic,Pre-Algebra,"Ratios, Proportions, and Percents",Unit Rates,https://studymondo.com/topics/unit-rates,5,6,FALSE,,,,
Topic,Pre-Algebra,"Ratios, Proportions, and Percents",Percent Applications,https://studymondo.com/topics/percent-applications,5,6,FALSE,,,,
Category,Pre-Algebra,Geometry Basics,Geometry Basics,https://studymondo.com/categories/geometry-basics,N/A,N/A,FALSE,,,,
Topic,Pre-Algebra,Geometry Basics,Perimeter and Area,https://studymondo.com/topics/perimeter-and-area,5,6,FALSE,,,,
Topic,Pre-Algebra,Geometry Basics,Volume of Rectangular Prisms,https://studymondo.com/topics/volume-rectangular-prisms,5,6,FALSE,,,,
Topic,Pre-Algebra,Geometry Basics,Angle Measurements,https://studymondo.com/topics/angle-measurements,5,6,FALSE,,,,
Category,Pre-Algebra,Introduction to Algebra,Introduction to Algebra,https://studymondo.com/categories/prealgebra-intro-algebra,N/A,N/A,FALSE,,,,
Topic,Pre-Algebra,Introduction to Algebra,Variables and Expressions,https://studymondo.com/topics/variables-and-expressions,5,6,FALSE,,,,
Topic,Pre-Algebra,Introduction to Algebra,Solving One-Step Equations,https://studymondo.com/topics/one-step-equations-prealgebra,5,6,FALSE,,,,
Topic,Pre-Algebra,Introduction to Algebra,Combining Like Terms,https://studymondo.com/topics/combining-like-terms,5,6,FALSE,,,,
Topic,Pre-Algebra,Introduction to Algebra,Distributive Property,https://studymondo.com/topics/distributive-property,5,6,FALSE,,,,
Topic,Pre-Algebra,Introduction to Algebra,Solving Two-Step Equations,https://studymondo.com/topics/solving-two-step-equations,5,6,FALSE,,,,
Category,Pre-Algebra,Introduction to Statistics,Introduction to Statistics,https://studymondo.com/categories/intro-statistics,N/A,N/A,FALSE,,,,
Topic,Pre-Algebra,Introduction to Statistics,Reading Graphs and Charts,https://studymondo.com/topics/reading-graphs-charts,5,6,FALSE,,,,
Topic,Pre-Algebra,Introduction to Statistics,"Mean, Median, and Mode",https://studymondo.com/topics/mean-median-mode,5,6,FALSE,,,,
Topic,Pre-Algebra,Introduction to Statistics,Range and Outliers,https://studymondo.com/topics/range-and-outliers,5,6,FALSE,,,,
Course,AP Physics 1,N/A,AP Physics 1,https://studymondo.com/courses/ap-physics-1,N/A,N/A,FALSE,,,,
Category,AP Physics 1,Kinematics,Kinematics,https://studymondo.com/categories/kinematics,N/A,N/A,FALSE,,,,
Topic,AP Physics 1,Kinematics,One-Dimensional Motion,https://studymondo.com/topics/one-dimensional-motion,7,20,FALSE,,,,
Topic,AP Physics 1,Kinematics,Motion Graphs,https://studymondo.com/topics/motion-graphs,7,20,FALSE,,,,
Topic,AP Physics 1,Kinematics,Two-Dimensional Motion,https://studymondo.com/topics/two-dimensional-motion,3,16,FALSE,,,,
Topic,AP Physics 1,Kinematics,Projectile Motion,https://studymondo.com/topics/projectile-motion,7,20,FALSE,,,,
Category,AP Physics 1,Dynamics,Dynamics,https://studymondo.com/categories/dynamics,N/A,N/A,FALSE,,,,
Topic,AP Physics 1,Dynamics,Newton's First and Second Laws,https://studymondo.com/topics/newtons-first-second-laws,7,20,FALSE,,,,
Topic,AP Physics 1,Dynamics,Newton's Third Law and Applications,https://studymondo.com/topics/newtons-third-law,7,16,FALSE,,,,
Topic,AP Physics 1,Dynamics,Friction,https://studymondo.com/topics/friction,7,20,FALSE,,,,
Topic,AP Physics 1,Dynamics,Inclined Planes,https://studymondo.com/topics/inclined-planes,3,20,FALSE,,,,
Category,AP Physics 1,Circular Motion & Gravitation,Circular Motion & Gravitation,https://studymondo.com/categories/circular-motion-gravitation,N/A,N/A,FALSE,,,,
Topic,AP Physics 1,Circular Motion & Gravitation,Uniform Circular Motion,https://studymondo.com/topics/uniform-circular-motion,7,16,FALSE,,,,
Topic,AP Physics 1,Circular Motion & Gravitation,Centripetal Force,https://studymondo.com/topics/centripetal-force,3,16,FALSE,,,,
Topic,AP Physics 1,Circular Motion & Gravitation,Newton's Law of Universal Gravitation,https://studymondo.com/topics/universal-gravitation,3,20,FALSE,,,,
Category,AP Physics 1,Energy,Energy,https://studymondo.com/categories/energy,N/A,N/A,FALSE,,,,
Topic,AP Physics 1,Energy,Work and Kinetic Energy,https://studymondo.com/topics/work-and-kinetic-energy,7,16,FALSE,,,,
Topic,AP Physics 1,Energy,Gravitational Potential Energy,https://studymondo.com/topics/gravitational-potential-energy,3,16,FALSE,,,,
Topic,AP Physics 1,Energy,Elastic Potential Energy and Springs,https://studymondo.com/topics/elastic-potential-energy,3,16,FALSE,,,,
Topic,AP Physics 1,Energy,Power,https://studymondo.com/topics/power-physics,5,6,FALSE,,,,
Topic,AP Physics 1,Energy,Conservation of Energy,https://studymondo.com/topics/conservation-of-energy,7,16,FALSE,,,,
Category,AP Physics 1,Momentum,Momentum,https://studymondo.com/categories/momentum,N/A,N/A,FALSE,,,,
Topic,AP Physics 1,Momentum,Momentum and Impulse,https://studymondo.com/topics/momentum-and-impulse,7,16,FALSE,,,,
Topic,AP Physics 1,Momentum,Conservation of Momentum,https://studymondo.com/topics/conservation-of-momentum,5,16,FALSE,,,,
Topic,AP Physics 1,Momentum,Collisions,https://studymondo.com/topics/collisions,5,20,FALSE,,,,
Category,AP Physics 1,Simple Harmonic Motion,Simple Harmonic Motion,https://studymondo.com/categories/simple-harmonic-motion,N/A,N/A,FALSE,,,,
Topic,AP Physics 1,Simple Harmonic Motion,Introduction to Simple Harmonic Motion,https://studymondo.com/topics/introduction-to-shm,5,20,FALSE,,,,
Topic,AP Physics 1,Simple Harmonic Motion,Energy in Simple Harmonic Motion,https://studymondo.com/topics/energy-in-shm,3,20,FALSE,,,,
Category,AP Physics 1,Torque & Rotational Motion,Torque & Rotational Motion,https://studymondo.com/categories/torque-and-rotational-motion,N/A,N/A,FALSE,,,,
Topic,AP Physics 1,Torque & Rotational Motion,Torque and Rotational Equilibrium,https://studymondo.com/topics/torque-and-equilibrium,5,20,FALSE,,,,
Topic,AP Physics 1,Torque & Rotational Motion,Rotational Kinematics,https://studymondo.com/topics/rotational-kinematics,5,20,FALSE,,,,
Topic,AP Physics 1,Torque & Rotational Motion,Rotational Dynamics and Angular Momentum,https://studymondo.com/topics/angular-momentum,3,20,FALSE,,,,
Course,AP Physics 2,N/A,AP Physics 2,https://studymondo.com/courses/ap-physics-2,N/A,N/A,FALSE,,,,
Category,AP Physics 2,Fluid Mechanics,Fluid Mechanics,https://studymondo.com/categories/fluid-mechanics,N/A,N/A,FALSE,,,,
Topic,AP Physics 2,Fluid Mechanics,Density and Pressure,https://studymondo.com/topics/density-and-pressure,10,16,FALSE,,,,
Topic,AP Physics 2,Fluid Mechanics,Buoyancy and Archimedes' Principle,https://studymondo.com/topics/buoyancy-archimedes-principle,10,16,FALSE,,,,
Topic,AP Physics 2,Fluid Mechanics,Fluid Dynamics and Continuity,https://studymondo.com/topics/fluid-dynamics-continuity,6,16,FALSE,,,,
Topic,AP Physics 2,Fluid Mechanics,Bernoulli's Equation,https://studymondo.com/topics/bernoullis-equation,8,16,FALSE,,,,
Topic,AP Physics 2,Fluid Mechanics,Fluid Dynamics,https://studymondo.com/topics/fluid-dynamics,5,6,FALSE,,,,
Category,AP Physics 2,Thermodynamics,Thermodynamics,https://studymondo.com/categories/physics2-thermodynamics,N/A,N/A,FALSE,,,,
Topic,AP Physics 2,Thermodynamics,Temperature and Thermal Expansion,https://studymondo.com/topics/temperature-thermal-expansion,6,16,FALSE,,,,
Topic,AP Physics 2,Thermodynamics,Heat and Specific Heat,https://studymondo.com/topics/heat-specific-heat,10,16,FALSE,,,,
Topic,AP Physics 2,Thermodynamics,Phase Changes and Latent Heat,https://studymondo.com/topics/phase-changes-latent-heat,8,16,FALSE,,,,
Topic,AP Physics 2,Thermodynamics,Laws of Thermodynamics,https://studymondo.com/topics/laws-of-thermodynamics,6,16,FALSE,,,,
Category,AP Physics 2,Electrostatics,Electrostatics,https://studymondo.com/categories/electrostatics,N/A,N/A,FALSE,,,,
Topic,AP Physics 2,Electrostatics,Electric Charge and Coulomb's Law,https://studymondo.com/topics/electric-charge-coulombs-law,10,16,FALSE,,,,
Topic,AP Physics 2,Electrostatics,Electric Fields and Electric Potential,https://studymondo.com/topics/electric-fields-potential,10,16,FALSE,,,,
Category,AP Physics 2,Electric Circuits,Electric Circuits,https://studymondo.com/categories/electric-circuits,N/A,N/A,FALSE,,,,
Topic,AP Physics 2,Electric Circuits,"Current, Resistance, and Ohm's Law",https://studymondo.com/topics/current-resistance-ohms-law,10,16,FALSE,,,,
Topic,AP Physics 2,Electric Circuits,Series and Parallel Circuits,https://studymondo.com/topics/series-parallel-circuits,10,16,FALSE,,,,
Topic,AP Physics 2,Electric Circuits,Kirchhoff's Laws,https://studymondo.com/topics/kirchhoffs-laws,6,16,FALSE,,,,
Category,AP Physics 2,Magnetism,Magnetism,https://studymondo.com/categories/magnetism,N/A,N/A,FALSE,,,,
Topic,AP Physics 2,Magnetism,Magnetic Fields and Forces,https://studymondo.com/topics/magnetic-fields-forces,10,20,FALSE,,,,
Topic,AP Physics 2,Magnetism,Electromagnetic Induction,https://studymondo.com/topics/electromagnetic-induction,6,20,FALSE,,,,
Category,AP Physics 2,Optics,Optics,https://studymondo.com/categories/optics,N/A,N/A,FALSE,,,,
Topic,AP Physics 2,Optics,Reflection and Refraction,https://studymondo.com/topics/reflection-refraction,8,20,FALSE,,,,
Topic,AP Physics 2,Optics,Lenses,https://studymondo.com/topics/lenses,8,16,FALSE,,,,
Topic,AP Physics 2,Optics,Interference and Diffraction,https://studymondo.com/topics/interference-diffraction,8,16,FALSE,,,,
Category,AP Physics 2,Modern Physics,Modern Physics,https://studymondo.com/categories/modern-physics,N/A,N/A,FALSE,,,,
Topic,AP Physics 2,Modern Physics,Photons and Atomic Physics,https://studymondo.com/topics/photons-atomic-nuclear,8,24,FALSE,,,,
Course,AP Physics C: Mechanics,N/A,AP Physics C: Mechanics,https://studymondo.com/courses/ap-physics-c-mechanics,N/A,N/A,FALSE,,,,
Category,AP Physics C: Mechanics,Kinematics,Kinematics,https://studymondo.com/categories/physics-c-mech-kinematics,N/A,N/A,FALSE,,,,
Topic,AP Physics C: Mechanics,Kinematics,"Position, Velocity, and Acceleration",https://studymondo.com/topics/physics-c-position-velocity-acceleration,9,10,FALSE,,,,
Topic,AP Physics C: Mechanics,Kinematics,Motion with Variable Acceleration,https://studymondo.com/topics/physics-c-variable-acceleration,9,10,FALSE,,,,
Topic,AP Physics C: Mechanics,Kinematics,Circular Motion and Polar Coordinates,https://studymondo.com/topics/physics-c-circular-motion,9,12,FALSE,,,,
Category,AP Physics C: Mechanics,Dynamics,Dynamics,https://studymondo.com/categories/physics-c-mech-dynamics,N/A,N/A,FALSE,,,,
Topic,AP Physics C: Mechanics,Dynamics,Newton's Laws with Calculus,https://studymondo.com/topics/physics-c-newtons-laws-calculus,9,12,FALSE,,,,
Topic,AP Physics C: Mechanics,Dynamics,Friction and Inclined Planes,https://studymondo.com/topics/physics-c-friction-inclines,9,10,FALSE,,,,
Category,AP Physics C: Mechanics,Work and Energy,Work and Energy,https://studymondo.com/categories/physics-c-mech-work-energy,N/A,N/A,FALSE,,,,
Topic,AP Physics C: Mechanics,Work and Energy,Work and Power,https://studymondo.com/topics/physics-c-work-power,6,10,FALSE,,,,
Topic,AP Physics C: Mechanics,Work and Energy,Conservative Forces and Potential Energy,https://studymondo.com/topics/physics-c-conservative-forces,6,12,FALSE,,,,
Category,AP Physics C: Mechanics,Linear Momentum,Linear Momentum,https://studymondo.com/categories/physics-c-mech-momentum,N/A,N/A,FALSE,,,,
Topic,AP Physics C: Mechanics,Linear Momentum,Momentum and Collisions,https://studymondo.com/topics/physics-c-momentum-collisions,6,12,FALSE,,,,
Topic,AP Physics C: Mechanics,Linear Momentum,Center of Mass,https://studymondo.com/topics/physics-c-center-of-mass,6,12,FALSE,,,,
Category,AP Physics C: Mechanics,Rotational Motion,Rotational Motion,https://studymondo.com/categories/physics-c-mech-rotation,N/A,N/A,FALSE,,,,
Topic,AP Physics C: Mechanics,Rotational Motion,Rotational Kinematics and Dynamics,https://studymondo.com/topics/physics-c-rotational-kinematics-dynamics,6,14,FALSE,,,,
Topic,AP Physics C: Mechanics,Rotational Motion,Moment of Inertia,https://studymondo.com/topics/physics-c-moment-of-inertia,3,12,FALSE,,,,
Topic,AP Physics C: Mechanics,Rotational Motion,Angular Momentum,https://studymondo.com/topics/physics-c-angular-momentum,3,12,FALSE,,,,
Topic,AP Physics C: Mechanics,Rotational Motion,Parallel Axis Theorem,https://studymondo.com/topics/parallel-axis-theorem,5,6,FALSE,,,,
Category,AP Physics C: Mechanics,Oscillations,Oscillations,https://studymondo.com/categories/physics-c-mech-oscillations,N/A,N/A,FALSE,,,,
Topic,AP Physics C: Mechanics,Oscillations,Simple Harmonic Motion,https://studymondo.com/topics/physics-c-simple-harmonic-motion,3,12,FALSE,,,,
Topic,AP Physics C: Mechanics,Oscillations,Damped and Driven Oscillations,https://studymondo.com/topics/physics-c-damped-driven-oscillations,3,12,FALSE,,,,
Category,AP Physics C: Mechanics,Gravitation,Gravitation,https://studymondo.com/categories/physics-c-mech-gravitation,N/A,N/A,FALSE,,,,
Topic,AP Physics C: Mechanics,Gravitation,Universal Gravitation and Orbits,https://studymondo.com/topics/physics-c-universal-gravitation,3,16,FALSE,,,,
Course,AP Physics C: Electricity & Magnetism,N/A,AP Physics C: Electricity & Magnetism,https://studymondo.com/courses/ap-physics-c-em,N/A,N/A,FALSE,,,,
Category,AP Physics C: Electricity & Magnetism,Electrostatics,Electrostatics,https://studymondo.com/categories/physics-c-em-electrostatics,N/A,N/A,FALSE,,,,
Topic,AP Physics C: Electricity & Magnetism,Electrostatics,Electric Field and Coulomb's Law,https://studymondo.com/topics/physics-c-electric-field-coulomb,18,10,FALSE,,,,
Topic,AP Physics C: Electricity & Magnetism,Electrostatics,Gauss's Law,https://studymondo.com/topics/physics-c-gauss-law,18,12,FALSE,,,,
Topic,AP Physics C: Electricity & Magnetism,Electrostatics,Electric Potential,https://studymondo.com/topics/physics-c-electric-potential,18,12,FALSE,,,,
Topic,AP Physics C: Electricity & Magnetism,Electrostatics,Gauss's Law Applications,https://studymondo.com/topics/gauss-law-applications,5,6,FALSE,,,,
Category,AP Physics C: Electricity & Magnetism,Capacitance,Capacitance,https://studymondo.com/categories/physics-c-em-capacitance,N/A,N/A,FALSE,,,,
Topic,AP Physics C: Electricity & Magnetism,Capacitance,Capacitors and Dielectrics,https://studymondo.com/topics/physics-c-capacitors-dielectrics,12,12,FALSE,,,,
Category,AP Physics C: Electricity & Magnetism,Electric Circuits,Electric Circuits,https://studymondo.com/categories/physics-c-em-circuits,N/A,N/A,FALSE,,,,
Topic,AP Physics C: Electricity & Magnetism,Electric Circuits,"Current, Resistance, and DC Circuits",https://studymondo.com/topics/physics-c-dc-circuits,3,12,FALSE,,,,
Topic,AP Physics C: Electricity & Magnetism,Electric Circuits,RC Circuits,https://studymondo.com/topics/physics-c-rc-circuits,9,12,FALSE,,,,
Topic,AP Physics C: Electricity & Magnetism,Electric Circuits,RC Circuits,https://studymondo.com/topics/rc-circuits,5,6,FALSE,,,,
Category,AP Physics C: Electricity & Magnetism,Magnetism,Magnetism,https://studymondo.com/categories/physics-c-em-magnetism,N/A,N/A,FALSE,,,,
Topic,AP Physics C: Electricity & Magnetism,Magnetism,Magnetic Fields and Forces,https://studymondo.com/topics/physics-c-magnetic-forces,3,12,FALSE,,,,
Topic,AP Physics C: Electricity & Magnetism,Magnetism,Sources of Magnetic Fields,https://studymondo.com/topics/physics-c-magnetic-field-sources,3,12,FALSE,,,,
Category,AP Physics C: Electricity & Magnetism,Electromagnetic Induction,Electromagnetic Induction,https://studymondo.com/categories/physics-c-em-induction,N/A,N/A,FALSE,,,,
Topic,AP Physics C: Electricity & Magnetism,Electromagnetic Induction,Faraday's Law and Lenz's Law,https://studymondo.com/topics/physics-c-faraday-lenz,6,12,FALSE,,,,
Topic,AP Physics C: Electricity & Magnetism,Electromagnetic Induction,Inductance and RL Circuits,https://studymondo.com/topics/physics-c-inductance-rl-circuits,6,12,FALSE,,,,
Category,AP Physics C: Electricity & Magnetism,Maxwell's Equations,Maxwell's Equations,https://studymondo.com/categories/physics-c-em-maxwell,N/A,N/A,FALSE,,,,
Topic,AP Physics C: Electricity & Magnetism,Maxwell's Equations,Maxwell's Equations,https://studymondo.com/topics/physics-c-maxwell-equations,4,12,FALSE,,,,
Topic,AP Physics C: Electricity & Magnetism,Maxwell's Equations,Electromagnetic Waves,https://studymondo.com/topics/physics-c-electromagnetic-waves,6,12,FALSE,,,,
Course,AP Chemistry,N/A,AP Chemistry,https://studymondo.com/courses/ap-chemistry,N/A,N/A,FALSE,,,,
Category,AP Chemistry,Atomic Structure and Properties,Atomic Structure and Properties,https://studymondo.com/categories/atomic-structure,N/A,N/A,FALSE,,,,
Topic,AP Chemistry,Atomic Structure and Properties,Moles and Molar Mass,https://studymondo.com/topics/moles-molar-mass,7,7,FALSE,,,,
Topic,AP Chemistry,Atomic Structure and Properties,Atomic Structure and Electron Configuration,https://studymondo.com/topics/electron-configuration,7,8,FALSE,,,,
Topic,AP Chemistry,Atomic Structure and Properties,Periodic Trends,https://studymondo.com/topics/periodic-trends,9,8,FALSE,,,,
Topic,AP Chemistry,Atomic Structure and Properties,Photoelectron Spectroscopy (PES),https://studymondo.com/topics/photoelectron-spectroscopy,3,8,FALSE,,,,
Topic,AP Chemistry,Atomic Structure and Properties,"Atomic Spectra: Emission, Absorption, and Electronic Transitions",https://studymondo.com/topics/atomic-spectra,5,6,FALSE,,,,
Category,AP Chemistry,Molecular and Ionic Compound Structure and Properties,Molecular and Ionic Compound Structure and Properties,https://studymondo.com/categories/molecular-ionic-compounds,N/A,N/A,FALSE,,,,
Topic,AP Chemistry,Molecular and Ionic Compound Structure and Properties,Types of Chemical Bonds,https://studymondo.com/topics/types-of-chemical-bonds,7,8,FALSE,,,,
Topic,AP Chemistry,Molecular and Ionic Compound Structure and Properties,Lewis Structures and Formal Charge,https://studymondo.com/topics/lewis-structures-formal-charge,7,8,FALSE,,,,
Topic,AP Chemistry,Molecular and Ionic Compound Structure and Properties,VSEPR Theory and Molecular Geometry,https://studymondo.com/topics/vsepr-molecular-geometry,7,8,FALSE,,,,
Topic,AP Chemistry,Molecular and Ionic Compound Structure and Properties,Hybridization and Sigma/Pi Bonds,https://studymondo.com/topics/hybridization-sigma-pi-bonds,3,8,FALSE,,,,
Category,AP Chemistry,Intermolecular Forces and Properties,Intermolecular Forces and Properties,https://studymondo.com/categories/intermolecular-forces,N/A,N/A,FALSE,,,,
Topic,AP Chemistry,Intermolecular Forces and Properties,Types of Intermolecular Forces,https://studymondo.com/topics/types-intermolecular-forces,7,8,FALSE,,,,
Topic,AP Chemistry,Intermolecular Forces and Properties,"Properties of Solids, Liquids, and Gases",https://studymondo.com/topics/properties-states-matter,3,8,FALSE,,,,
Topic,AP Chemistry,Intermolecular Forces and Properties,Solutions and Solubility,https://studymondo.com/topics/solutions-solubility,3,8,FALSE,,,,
Topic,AP Chemistry,Intermolecular Forces and Properties,Ideal Gas Law and Gas Properties,https://studymondo.com/topics/ideal-gas-law,7,8,FALSE,,,,
Topic,AP Chemistry,Intermolecular Forces and Properties,Mixtures and Separation Techniques,https://studymondo.com/topics/mixtures-separations,3,8,FALSE,,,,
Category,AP Chemistry,Chemical Reactions,Chemical Reactions,https://studymondo.com/categories/chemical-reactions,N/A,N/A,FALSE,,,,
Topic,AP Chemistry,Chemical Reactions,Types of Chemical Reactions,https://studymondo.com/topics/reaction-types,3,8,FALSE,,,,
Topic,AP Chemistry,Chemical Reactions,Stoichiometry and Limiting Reactants,https://studymondo.com/topics/stoichiometry-limiting-reactants,7,8,FALSE,,,,
Topic,AP Chemistry,Chemical Reactions,Net Ionic Equations and Spectator Ions,https://studymondo.com/topics/net-ionic-equations,3,8,FALSE,,,,
Topic,AP Chemistry,Chemical Reactions,Oxidation-Reduction (Redox) Reactions,https://studymondo.com/topics/oxidation-reduction-reactions,3,8,FALSE,,,,
Category,AP Chemistry,Kinetics,Kinetics,https://studymondo.com/categories/kinetics,N/A,N/A,FALSE,,,,
Topic,AP Chemistry,Kinetics,Reaction Rates and Rate Laws,https://studymondo.com/topics/reaction-rates-and-rate-laws,7,8,FALSE,,,,
Topic,AP Chemistry,Kinetics,Integrated Rate Laws and Half-Life,https://studymondo.com/topics/integrated-rate-laws,7,18,FALSE,,,,
Topic,AP Chemistry,Kinetics,Activation Energy and Temperature Effects,https://studymondo.com/topics/activation-energy-arrhenius,7,18,FALSE,,,,
Topic,AP Chemistry,Kinetics,Reaction Mechanisms and Intermediates,https://studymondo.com/topics/reaction-mechanisms,7,18,FALSE,,,,
Category,AP Chemistry,Thermodynamics,Thermodynamics,https://studymondo.com/categories/thermodynamics,N/A,N/A,FALSE,,,,
Topic,AP Chemistry,Thermodynamics,Enthalpy and Calorimetry,https://studymondo.com/topics/enthalpy-calorimetry,5,8,FALSE,,,,
Topic,AP Chemistry,Thermodynamics,Entropy and the Second Law,https://studymondo.com/topics/entropy-second-law,3,8,FALSE,,,,
Topic,AP Chemistry,Thermodynamics,Gibbs Free Energy and Spontaneity,https://studymondo.com/topics/gibbs-free-energy,5,8,FALSE,,,,
Category,AP Chemistry,Acids and Bases,Acids and Bases,https://studymondo.com/categories/acids-bases,N/A,N/A,FALSE,,,,
Topic,AP Chemistry,Acids and Bases,Acid-Base Theories and pH Scale,https://studymondo.com/topics/acid-base-theories-ph,5,8,FALSE,,,,
Topic,AP Chemistry,Acids and Bases,"Weak Acids, Weak Bases, and K_a/K_b",https://studymondo.com/topics/weak-acids-bases-ka-kb,5,8,FALSE,,,,
Topic,AP Chemistry,Acids and Bases,Buffer Solutions and Henderson-Hasselbalch,https://studymondo.com/topics/buffer-solutions-henderson-hasselbalch,3,8,FALSE,,,,
Topic,AP Chemistry,Acids and Bases,Acid-Base Titrations and Indicators,https://studymondo.com/topics/acid-base-titrations,3,8,FALSE,,,,
Category,AP Chemistry,Chemical Equilibrium,Chemical Equilibrium,https://studymondo.com/categories/chemical-equilibrium,N/A,N/A,FALSE,,,,
Topic,AP Chemistry,Chemical Equilibrium,Introduction to Chemical Equilibrium,https://studymondo.com/topics/intro-equilibrium,5,8,FALSE,,,,
Topic,AP Chemistry,Chemical Equilibrium,Reaction Quotient and Le Chatelier's Principle,https://studymondo.com/topics/reaction-quotient-le-chatelier,5,8,FALSE,,,,
Topic,AP Chemistry,Chemical Equilibrium,ICE Tables and Equilibrium Calculations,https://studymondo.com/topics/ice-tables-calculations,3,8,FALSE,,,,
Topic,AP Chemistry,Chemical Equilibrium,Solubility Equilibria and K_sp,https://studymondo.com/topics/solubility-ksp,3,8,FALSE,,,,
Topic,AP Chemistry,Chemical Equilibrium,"Solubility Equilibrium: Saturated Solutions, Common Ion, and Precipitation",https://studymondo.com/topics/solubility-equilibrium,5,6,FALSE,,,,
Category,AP Chemistry,Electrochemistry,Electrochemistry,https://studymondo.com/categories/electrochemistry,N/A,N/A,FALSE,,,,
Topic,AP Chemistry,Electrochemistry,Galvanic Cells and Standard Cell Potentials,https://studymondo.com/topics/galvanic-cells-potentials,5,8,FALSE,,,,
Topic,AP Chemistry,Electrochemistry,Nernst Equation and Concentration Effects,https://studymondo.com/topics/nernst-equation-concentration,3,8,FALSE,,,,
Topic,AP Chemistry,Electrochemistry,Electrolytic Cells and Quantitative Electrolysis,https://studymondo.com/topics/electrolytic-cells-faraday,3,8,FALSE,,,,
Course,AP Biology,N/A,AP Biology,https://studymondo.com/courses/ap-biology,N/A,N/A,FALSE,,,,
Category,AP Biology,Chemistry of Life,Chemistry of Life,https://studymondo.com/categories/biology-chemistry-of-life,N/A,N/A,FALSE,,,,
Topic,AP Biology,Chemistry of Life,Water and Its Properties,https://studymondo.com/topics/water-properties,12,10,FALSE,,,,
Topic,AP Biology,Chemistry of Life,Carbohydrates,https://studymondo.com/topics/carbohydrates,8,12,FALSE,,,,
Topic,AP Biology,Chemistry of Life,Lipids,https://studymondo.com/topics/lipids,8,14,FALSE,,,,
Topic,AP Biology,Chemistry of Life,Proteins,https://studymondo.com/topics/proteins,8,14,FALSE,,,,
Topic,AP Biology,Chemistry of Life,Enzyme Kinetics,https://studymondo.com/topics/enzyme-kinetics,5,6,FALSE,,,,
Topic,AP Biology,Chemistry of Life,Nucleic Acids,https://studymondo.com/topics/nucleic-acids,8,14,FALSE,,,,
Category,AP Biology,Cell Structure and Function,Cell Structure and Function,https://studymondo.com/categories/biology-cell-structure,N/A,N/A,FALSE,,,,
Topic,AP Biology,Cell Structure and Function,Prokaryotic vs. Eukaryotic Cells,https://studymondo.com/topics/prokaryotic-eukaryotic-cells,3,10,FALSE,,,,
Topic,AP Biology,Cell Structure and Function,Cell Organelles,https://studymondo.com/topics/cell-organelles,6,16,FALSE,,,,
Topic,AP Biology,Cell Structure and Function,Cell Membrane and Transport,https://studymondo.com/topics/cell-membrane-transport,6,16,FALSE,,,,
Category,AP Biology,Cellular Energetics,Cellular Energetics,https://studymondo.com/categories/biology-cellular-energetics,N/A,N/A,FALSE,,,,
Topic,AP Biology,Cellular Energetics,Enzymes and Metabolism,https://studymondo.com/topics/enzymes-metabolism,6,12,FALSE,,,,
Topic,AP Biology,Cellular Energetics,Cellular Respiration,https://studymondo.com/topics/cellular-respiration,6,14,FALSE,,,,
Topic,AP Biology,Cellular Energetics,Photosynthesis,https://studymondo.com/topics/photosynthesis,6,16,FALSE,,,,
Category,AP Biology,Cell Communication and Cell Cycle,Cell Communication and Cell Cycle,https://studymondo.com/categories/biology-cell-communication,N/A,N/A,FALSE,,,,
Topic,AP Biology,Cell Communication and Cell Cycle,Cell Signaling and Signal Transduction,https://studymondo.com/topics/cell-signaling,2,12,FALSE,,,,
Topic,AP Biology,Cell Communication and Cell Cycle,Cell Cycle and Mitosis,https://studymondo.com/topics/cell-cycle-mitosis,2,16,FALSE,,,,
Topic,AP Biology,Cell Communication and Cell Cycle,Meiosis and Sexual Reproduction,https://studymondo.com/topics/meiosis,2,16,FALSE,,,,
Category,AP Biology,Heredity,Heredity,https://studymondo.com/categories/biology-heredity,N/A,N/A,FALSE,,,,
Topic,AP Biology,Heredity,Mendelian Genetics,https://studymondo.com/topics/mendelian-genetics,2,14,FALSE,,,,
Topic,AP Biology,Heredity,Non-Mendelian Inheritance,https://studymondo.com/topics/non-mendelian-genetics,1,16,FALSE,,,,
Topic,AP Biology,Heredity,Chromosomal Basis of Inheritance,https://studymondo.com/topics/chromosomal-inheritance,5,16,FALSE,,,,
Category,AP Biology,Gene Expression and Regulation,Gene Expression and Regulation,https://studymondo.com/categories/biology-gene-expression,N/A,N/A,FALSE,,,,
Topic,AP Biology,Gene Expression and Regulation,DNA Structure and Replication,https://studymondo.com/topics/dna-replication,1,16,FALSE,,,,
Topic,AP Biology,Gene Expression and Regulation,Transcription and RNA Processing,https://studymondo.com/topics/transcription-rna-processing,1,16,FALSE,,,,
Topic,AP Biology,Gene Expression and Regulation,Translation and Protein Synthesis,https://studymondo.com/topics/translation,1,16,FALSE,,,,
Topic,AP Biology,Gene Expression and Regulation,Gene Regulation,https://studymondo.com/topics/gene-regulation,1,16,FALSE,,,,
Category,AP Biology,Evolution,Evolution,https://studymondo.com/categories/biology-evolution,N/A,N/A,FALSE,,,,
Topic,AP Biology,Evolution,Natural Selection and Evolution,https://studymondo.com/topics/natural-selection,5,16,FALSE,,,,
Topic,AP Biology,Evolution,Natural Selection and Adaptation,https://studymondo.com/topics/natural-selection-adaptation,5,6,FALSE,,,,
Topic,AP Biology,Evolution,Speciation,https://studymondo.com/topics/speciation,5,6,FALSE,,,,
Topic,AP Biology,Evolution,Phylogeny and Classification,https://studymondo.com/topics/phylogeny-classification,5,6,FALSE,,,,
Category,AP Biology,Ecology,Ecology,https://studymondo.com/categories/biology-ecology,N/A,N/A,FALSE,,,,
Topic,AP Biology,Ecology,Population Ecology,https://studymondo.com/topics/population-ecology,5,10,FALSE,,,,
Topic,AP Biology,Ecology,Community Ecology and Interactions,https://studymondo.com/topics/community-ecology,5,12,FALSE,,,,
Topic,AP Biology,Ecology,Ecosystems and Energy Flow,https://studymondo.com/topics/ecosystems-energy,5,12,FALSE,,,,
Topic,AP Biology,Ecology,Population Dynamics,https://studymondo.com/topics/population-dynamics,5,6,FALSE,,,,
Course,AP Statistics,N/A,AP Statistics,https://studymondo.com/courses/ap-statistics,N/A,N/A,FALSE,,,,
Category,AP Statistics,Exploring Data,Exploring Data,https://studymondo.com/categories/exploring-data,N/A,N/A,FALSE,,,,
Topic,AP Statistics,Exploring Data,Types of Data and Sampling,https://studymondo.com/topics/types-data-sampling,5,6,FALSE,,,,
Topic,AP Statistics,Exploring Data,Displaying Distributions with Graphs,https://studymondo.com/topics/displaying-distributions-graphs,5,6,FALSE,,,,
Topic,AP Statistics,Exploring Data,Describing Distributions,https://studymondo.com/topics/describing-distributions,5,6,FALSE,,,,
Topic,AP Statistics,Exploring Data,Measures of Center,https://studymondo.com/topics/measures-of-center-stats,5,6,FALSE,,,,
Topic,AP Statistics,Exploring Data,Measures of Spread,https://studymondo.com/topics/measures-of-spread-stats,5,6,FALSE,,,,
Topic,AP Statistics,Exploring Data,Normal Distributions,https://studymondo.com/topics/normal-distributions,5,6,FALSE,,,,
Category,AP Statistics,Sampling and Experimentation,Sampling and Experimentation,https://studymondo.com/categories/sampling-experimentation,N/A,N/A,FALSE,,,,
Topic,AP Statistics,Sampling and Experimentation,Sampling Methods,https://studymondo.com/topics/sampling-methods-stats,5,6,FALSE,,,,
Topic,AP Statistics,Sampling and Experimentation,Observational Studies vs Experiments,https://studymondo.com/topics/observational-vs-experiments,5,6,FALSE,,,,
Topic,AP Statistics,Sampling and Experimentation,Experimental Design,https://studymondo.com/topics/experimental-design,5,6,FALSE,,,,
Topic,AP Statistics,Sampling and Experimentation,Bias in Sampling and Surveys,https://studymondo.com/topics/bias-sampling-surveys,5,6,FALSE,,,,
Category,AP Statistics,Probability,Probability,https://studymondo.com/categories/probability-stats,N/A,N/A,FALSE,,,,
Topic,AP Statistics,Probability,Basic Probability Rules,https://studymondo.com/topics/basic-probability-rules,5,6,FALSE,,,,
Topic,AP Statistics,Probability,Conditional Probability,https://studymondo.com/topics/conditional-probability-stats,5,6,FALSE,,,,
Topic,AP Statistics,Probability,Independence,https://studymondo.com/topics/independence-stats,5,6,FALSE,,,,
Topic,AP Statistics,Probability,Discrete Random Variables,https://studymondo.com/topics/discrete-random-variables,5,6,FALSE,,,,
Topic,AP Statistics,Probability,Binomial Distribution,https://studymondo.com/topics/binomial-distribution-stats,5,6,FALSE,,,,
Topic,AP Statistics,Probability,Geometric Distribution,https://studymondo.com/topics/geometric-distribution,5,6,FALSE,,,,
Topic,AP Statistics,Probability,Continuous Random Variables,https://studymondo.com/topics/continuous-random-variables,5,6,FALSE,,,,
Category,AP Statistics,Statistical Inference: Confidence Intervals,Statistical Inference: Confidence Intervals,https://studymondo.com/categories/confidence-intervals,N/A,N/A,FALSE,,,,
Topic,AP Statistics,Statistical Inference: Confidence Intervals,Sampling Distributions,https://studymondo.com/topics/sampling-distributions,5,6,FALSE,,,,
Topic,AP Statistics,Statistical Inference: Confidence Intervals,Central Limit Theorem,https://studymondo.com/topics/central-limit-theorem,5,6,FALSE,,,,
Topic,AP Statistics,Statistical Inference: Confidence Intervals,Confidence Intervals for Proportions,https://studymondo.com/topics/ci-proportions,5,6,FALSE,,,,
Topic,AP Statistics,Statistical Inference: Confidence Intervals,Confidence Intervals for Means,https://studymondo.com/topics/ci-means,5,6,FALSE,,,,
Topic,AP Statistics,Statistical Inference: Confidence Intervals,Interpreting Confidence Intervals,https://studymondo.com/topics/interpreting-ci,5,6,FALSE,,,,
Category,AP Statistics,Statistical Inference: Hypothesis Testing,Statistical Inference: Hypothesis Testing,https://studymondo.com/categories/hypothesis-testing,N/A,N/A,FALSE,,,,
Topic,AP Statistics,Statistical Inference: Hypothesis Testing,Hypothesis Testing Framework,https://studymondo.com/topics/hypothesis-testing-framework,5,6,FALSE,,,,
Topic,AP Statistics,Statistical Inference: Hypothesis Testing,Type I and Type II Errors,https://studymondo.com/topics/type-errors,5,6,FALSE,,,,
Topic,AP Statistics,Statistical Inference: Hypothesis Testing,Tests for Proportions,https://studymondo.com/topics/tests-proportions,5,6,FALSE,,,,
Topic,AP Statistics,Statistical Inference: Hypothesis Testing,Tests for Means,https://studymondo.com/topics/tests-means-stats,5,6,FALSE,,,,
Topic,AP Statistics,Statistical Inference: Hypothesis Testing,Paired Data,https://studymondo.com/topics/paired-data,5,6,FALSE,,,,
Topic,AP Statistics,Statistical Inference: Hypothesis Testing,Chi-Square Tests,https://studymondo.com/topics/chi-square-tests,5,6,FALSE,,,,
Category,AP Statistics,Regression and Correlation,Regression and Correlation,https://studymondo.com/categories/regression-correlation,N/A,N/A,FALSE,,,,
Topic,AP Statistics,Regression and Correlation,Scatter Plots and Correlation,https://studymondo.com/topics/scatterplots-correlation-stats,5,6,FALSE,,,,
Topic,AP Statistics,Regression and Correlation,Least-Squares Regression,https://studymondo.com/topics/least-squares-regression,5,12,FALSE,,,,
Topic,AP Statistics,Regression and Correlation,Residuals and Residual Plots,https://studymondo.com/topics/residuals-residual-plots,5,12,FALSE,,,,
Topic,AP Statistics,Regression and Correlation,Coefficient of Determination,https://studymondo.com/topics/coefficient-determination,5,12,FALSE,,,,
Topic,AP Statistics,Regression and Correlation,Transformations for Linearity,https://studymondo.com/topics/transformations-linearity,5,6,FALSE,,,,
Topic,AP Statistics,Regression and Correlation,Inference for Regression,https://studymondo.com/topics/inference-regression,5,6,FALSE,,,,
Course,SAT Prep,N/A,SAT Prep,https://studymondo.com/courses/sat-prep,N/A,N/A,FALSE,,,,
Category,SAT Prep,Heart of Algebra,Heart of Algebra,https://studymondo.com/categories/sat-heart-of-algebra,N/A,N/A,FALSE,,,,
Topic,SAT Prep,Heart of Algebra,Linear Equations and Inequalities,https://studymondo.com/topics/sat-linear-equations-inequalities,3,3,FALSE,,,,
Topic,SAT Prep,Heart of Algebra,Functions,https://studymondo.com/topics/sat-functions,3,3,FALSE,,,,
Topic,SAT Prep,Heart of Algebra,Systems of Linear Equations,https://studymondo.com/topics/sat-systems-equations,3,3,FALSE,,,,
Topic,SAT Prep,Heart of Algebra,Systems of Inequalities,https://studymondo.com/topics/systems-of-inequalities,6,6,FALSE,,,,
Category,SAT Prep,Problem Solving and Data Analysis,Problem Solving and Data Analysis,https://studymondo.com/categories/sat-problem-solving-data,N/A,N/A,FALSE,,,,
Topic,SAT Prep,Problem Solving and Data Analysis,"Ratios, Proportions, and Percents",https://studymondo.com/topics/sat-ratios-proportions-percents,3,3,FALSE,,,,
Topic,SAT Prep,Problem Solving and Data Analysis,Data Analysis and Statistics,https://studymondo.com/topics/sat-data-statistics,3,3,FALSE,,,,
Topic,SAT Prep,Problem Solving and Data Analysis,Two-Way Tables and Conditional Probability,https://studymondo.com/topics/two-way-tables-conditional-probability,3,3,FALSE,,,,
Topic,SAT Prep,Problem Solving and Data Analysis,Statistical Claims and Studies,https://studymondo.com/topics/statistical-claims-studies,3,3,FALSE,,,,
Topic,SAT Prep,Problem Solving and Data Analysis,Scatterplots and Line of Best Fit,https://studymondo.com/topics/sat-scatterplots-line-fit,3,3,FALSE,,,,
Category,SAT Prep,Reading: Information and Ideas,Reading: Information and Ideas,https://studymondo.com/categories/sat-reading-info-ideas,N/A,N/A,FALSE,,,,
Topic,SAT Prep,Reading: Information and Ideas,Central Ideas and Details,https://studymondo.com/topics/sat-central-ideas-details,3,3,FALSE,,,,
Topic,SAT Prep,Reading: Information and Ideas,Vocabulary in Context,https://studymondo.com/topics/sat-vocabulary-context,3,3,FALSE,,,,
Topic,SAT Prep,Reading: Information and Ideas,Command of Evidence,https://studymondo.com/topics/sat-command-evidence,3,3,FALSE,,,,
Topic,SAT Prep,Reading: Information and Ideas,Analyzing Arguments,https://studymondo.com/topics/analyzing-arguments,3,3,FALSE,,,,
Category,SAT Prep,Passport to Advanced Math,Passport to Advanced Math,https://studymondo.com/categories/sat-passport-advanced-math,N/A,N/A,FALSE,,,,
Topic,SAT Prep,Passport to Advanced Math,Quadratic Equations,https://studymondo.com/topics/sat-quadratic-equations,3,3,FALSE,,,,
Topic,SAT Prep,Passport to Advanced Math,Exponents and Radicals,https://studymondo.com/topics/sat-exponents-radicals,3,3,FALSE,,,,
Topic,SAT Prep,Passport to Advanced Math,Exponential Functions and Equations,https://studymondo.com/topics/sat-exponential-functions,3,3,FALSE,,,,
Topic,SAT Prep,Passport to Advanced Math,Polynomial Operations and Factoring,https://studymondo.com/topics/sat-polynomials-factoring,3,3,FALSE,,,,
Topic,SAT Prep,Passport to Advanced Math,Function Notation and Transformations,https://studymondo.com/topics/function-notation-transformations,3,3,FALSE,,,,
Category,SAT Prep,Reading: Command of Evidence,Reading: Command of Evidence,https://studymondo.com/categories/sat-command-evidence,N/A,N/A,FALSE,,,,
Topic,SAT Prep,Reading: Command of Evidence,Finding Textual Evidence,https://studymondo.com/topics/sat-finding-textual-evidence,3,3,FALSE,,,,
Category,SAT Prep,Writing: Expression of Ideas,Writing: Expression of Ideas,https://studymondo.com/categories/sat-expression-ideas,N/A,N/A,FALSE,,,,
Topic,SAT Prep,Writing: Expression of Ideas,Transitions and Organization,https://studymondo.com/topics/sat-transitions-organization,3,3,FALSE,,,,
Topic,SAT Prep,Writing: Expression of Ideas,Conciseness and Redundancy,https://studymondo.com/topics/sat-conciseness-redundancy,3,3,FALSE,,,,
Topic,SAT Prep,Writing: Expression of Ideas,Effective Language Use,https://studymondo.com/topics/sat-effective-language-use,3,3,FALSE,,,,
Topic,SAT Prep,Writing: Expression of Ideas,Organization and Focus,https://studymondo.com/topics/organization-and-focus,3,3,FALSE,,,,
Category,SAT Prep,Additional Topics in Math,Additional Topics in Math,https://studymondo.com/categories/sat-additional-topics,N/A,N/A,FALSE,,,,
Topic,SAT Prep,Additional Topics in Math,"Geometry: Lines, Angles, and Triangles",https://studymondo.com/topics/sat-geometry-basics,3,3,FALSE,,,,
Topic,SAT Prep,Additional Topics in Math,Circles and Arc Measures,https://studymondo.com/topics/sat-circles,3,3,FALSE,,,,
Topic,SAT Prep,Additional Topics in Math,Complex Numbers,https://studymondo.com/topics/sat-complex-numbers,3,3,FALSE,,,,
Category,SAT Prep,Writing: Standard English Conventions,Writing: Standard English Conventions,https://studymondo.com/categories/sat-english-conventions,N/A,N/A,FALSE,,,,
Topic,SAT Prep,Writing: Standard English Conventions,Grammar and Usage,https://studymondo.com/topics/sat-grammar-usage,3,3,FALSE,,,,
Topic,SAT Prep,Writing: Standard English Conventions,Punctuation,https://studymondo.com/topics/sat-punctuation,3,3,FALSE,,,,
Topic,SAT Prep,Writing: Standard English Conventions,Subject-Verb Agreement,https://studymondo.com/topics/sat-subject-verb-agreement,3,3,FALSE,,,,
Topic,SAT Prep,Writing: Standard English Conventions,Sentence Structure,https://studymondo.com/topics/sat-sentence-structure,3,3,FALSE,,,,
Topic,SAT Prep,Writing: Standard English Conventions,Punctuation: Commas and Semicolons,https://studymondo.com/topics/sat-punctuation-commas-semicolons,3,3,FALSE,,,,
Topic,SAT Prep,Writing: Standard English Conventions,Pronoun Agreement and Clarity,https://studymondo.com/topics/sat-pronoun-agreement,3,3,FALSE,,,,
Topic,SAT Prep,Writing: Standard English Conventions,Subject-Verb Agreement,https://studymondo.com/topics/subject-verb-agreement,3,3,FALSE,,,,
Topic,SAT Prep,Writing: Standard English Conventions,Pronoun Usage,https://studymondo.com/topics/pronoun-usage,3,3,FALSE,,,,
Category,SAT Prep,SAT Test Strategy,SAT Test Strategy,https://studymondo.com/categories/sat-test-strategy,N/A,N/A,FALSE,,,,
Topic,SAT Prep,SAT Test Strategy,Calculator vs No-Calculator Strategies,https://studymondo.com/topics/calculator-strategies,3,3,FALSE,,,,
Topic,SAT Prep,SAT Test Strategy,Process of Elimination,https://studymondo.com/topics/process-of-elimination,3,3,FALSE,,,,
Topic,SAT Prep,SAT Test Strategy,Time Management for SAT,https://studymondo.com/topics/sat-time-management,3,3,FALSE,,,,
Topic,SAT Prep,SAT Test Strategy,Reading Strategies,https://studymondo.com/topics/reading-strategies,3,3,FALSE,,,,
Course,ACT Prep,N/A,ACT Prep,https://studymondo.com/courses/act-prep,N/A,N/A,FALSE,,,,
Category,ACT Prep,ACT Math,ACT Math,https://studymondo.com/categories/act-math,N/A,N/A,FALSE,,,,
Topic,ACT Prep,ACT Math,Pre-Algebra and Elementary Algebra,https://studymondo.com/topics/act-pre-algebra-elementary,3,3,FALSE,,,,
Topic,ACT Prep,ACT Math,Intermediate Algebra and Coordinate Geometry,https://studymondo.com/topics/act-intermediate-algebra,3,3,FALSE,,,,
Topic,ACT Prep,ACT Math,Plane Geometry and Trigonometry,https://studymondo.com/topics/act-plane-geometry-trig,3,3,FALSE,,,,
Topic,ACT Prep,ACT Math,Number and Quantity,https://studymondo.com/topics/act-number-quantity,3,3,FALSE,,,,
Topic,ACT Prep,ACT Math,Statistics and Probability,https://studymondo.com/topics/act-statistics-probability,3,3,FALSE,,,,
Topic,ACT Prep,ACT Math,Modeling and Problem Solving,https://studymondo.com/topics/act-modeling-problem-solving,3,3,FALSE,,,,
Category,ACT Prep,ACT English,ACT English,https://studymondo.com/categories/act-english,N/A,N/A,FALSE,,,,
Topic,ACT Prep,ACT English,Usage and Mechanics,https://studymondo.com/topics/act-usage-mechanics,3,3,FALSE,,,,
Topic,ACT Prep,ACT English,Rhetorical Skills,https://studymondo.com/topics/act-rhetorical-skills,3,3,FALSE,,,,
Topic,ACT Prep,ACT English,Sentence Structure and Formation,https://studymondo.com/topics/sentence-structure-formation,3,3,FALSE,,,,
Topic,ACT Prep,ACT English,Punctuation Rules,https://studymondo.com/topics/act-punctuation-rules,3,3,FALSE,,,,
Topic,ACT Prep,ACT English,Usage and Style,https://studymondo.com/topics/usage-and-style,3,3,FALSE,,,,
Topic,ACT Prep,ACT English,Rhetorical Skills,https://studymondo.com/topics/rhetorical-skills,3,3,FALSE,,,,
Category,ACT Prep,ACT Science,ACT Science,https://studymondo.com/categories/act-science,N/A,N/A,FALSE,,,,
Topic,ACT Prep,ACT Science,Data Representation,https://studymondo.com/topics/act-data-representation,3,3,FALSE,,,,
Topic,ACT Prep,ACT Science,Research Summaries,https://studymondo.com/topics/act-research-summaries,3,3,FALSE,,,,
Topic,ACT Prep,ACT Science,Conflicting Viewpoints,https://studymondo.com/topics/act-conflicting-viewpoints,3,3,FALSE,,,,
Topic,ACT Prep,ACT Science,Evaluation of Models and Experiments,https://studymondo.com/topics/evaluation-models-experiments,3,3,FALSE,,,,
Topic,ACT Prep,ACT Science,Scientific Investigation,https://studymondo.com/topics/scientific-investigation,3,3,FALSE,,,,
Topic,ACT Prep,ACT Science,Data Representation in Science,https://studymondo.com/topics/data-representation-science,3,3,FALSE,,,,
Category,ACT Prep,ACT Test Strategy,ACT Test Strategy,https://studymondo.com/categories/act-test-strategy,N/A,N/A,FALSE,,,,
Topic,ACT Prep,ACT Test Strategy,Time Management,https://studymondo.com/topics/act-time-management,3,3,FALSE,,,,
Topic,ACT Prep,ACT Test Strategy,Guessing Strategies,https://studymondo.com/topics/guessing-strategies,3,3,FALSE,,,,
Topic,ACT Prep,ACT Test Strategy,Test Day Preparation,https://studymondo.com/topics/test-day-preparation,3,3,FALSE,,,,
Category,ACT Prep,ACT Reading,ACT Reading,https://studymondo.com/categories/act-reading,N/A,N/A,FALSE,,,,
Topic,ACT Prep,ACT Reading,Main Ideas and Supporting Details,https://studymondo.com/topics/act-main-ideas-details,3,3,FALSE,,,,
Topic,ACT Prep,ACT Reading,Making Inferences and Drawing Conclusions,https://studymondo.com/topics/act-making-inferences,3,3,FALSE,,,,
Topic,ACT Prep,ACT Reading,Comparative Relationships and Contrasts,https://studymondo.com/topics/act-comparative-relationships,3,3,FALSE,,,,
Topic,ACT Prep,ACT Reading,Author's Craft and Text Structure,https://studymondo.com/topics/act-authors-craft,3,3,FALSE,,,,
Topic,ACT Prep,ACT Reading,Key Ideas and Details - Natural Science,https://studymondo.com/topics/key-ideas-natural-science,3,3,FALSE,,,,
Topic,ACT Prep,ACT Reading,Craft and Structure,https://studymondo.com/topics/craft-and-structure,3,3,FALSE,,,,
Topic,ACT Prep,ACT Reading,Integration of Knowledge,https://studymondo.com/topics/integration-of-knowledge,3,3,FALSE,,,,
Topic,ACT Prep,ACT Reading,Vocabulary in Context,https://studymondo.com/topics/vocabulary-in-context,3,3,FALSE,,,,

